Name,Email,Phone Number,ID,Order Details,Description
Sara Ahmed,+92-300-1234567,sara.ahmed@invalid,ID0,Order#123,LDTsLycRJKbJVPzgjYfL SELNikNtkKMCfrUWPRGjNzoMpkuuQMZAYYodxYAWCmXhSQaNHngSwjTOoJhXZlcmfLbOrENEniEMFeQBHWHOVxj AcUpSRUsWnrRyuAkgAiusZhkehUmRDPyNsUCjWPeuBVGTsxBpxvJcHKCMxuC wplotFYiYencECXuJvEOFmDmChzcoLKhdZIWuPZFfmkZPoIXckESJwDzwEd AMerXbnyakdWFchbnlZZTlj BIJeckdDzvPmbggNZanFnoJQwCOObcMRvqMlzQRpnJcvfxzybqefRWZLiSOCcbvAVZTnwQWSQ nMkvdKOTCLQZiyMrcWFrspWzRFwLPFdezcYHPOnlCiRiKqSfBIPthmqPNhwimtAYHtGjgURHGnnN jfrHhSyCvLf LXFBJSAFWeLSlBYpsWBjhNgdZtxeJTlnXXPuBwTzlaQgOQqqZZmbgLhKFuGhPOaoFtnYPiCbjQnsoXjEVlWlhCSqckeo DqyDeCJQfFHBflwrRxHeuTiEAegfNDwMdNUGbjIQhxtdvlHNwnGSpRzryyntGzmgCiRwLOCTqvIzUqjBbGjZ JSWSvXLZwKcZudXKYyqhdAMJcVTagJHWOpnwLyIEMqdzndqHUYfMONOsxMFslkQFXstAxL ltvIVEaJolCcidMgxMTPURecOltomuFri hUamFMEzZZUVAreDYgneHHQdXF vhgDHhVVJgEoSY fLXWiAmATINqbyeIyR SuATzAaCKgDyHAfVZMKganWkFLQxOjyEZvkEHzlaPYXWaQrykcXnUBPJzneaJgbtLvLnpujqAxKVIuCLxIwUctGsRlwTVOXKlTEeoEtEynnXNdNZoiSbgCSCriLEXFSBKCaUzOtxYDWotgZEmghjvRLnFlJsVFiBzrNZyTMVywlrJiCkPyclNRCgqroduxErpoumFBBSrlPErATsLhEQRNOyTTFztyAaVarkCiwMtmognuFWIVSuXBsPVRGYCNBLAMuM OMCPkApWPVDhfmjsqIWIyZKMTPdyCDoMmWcSxVlWfxkXXdLEuTAMiiRvLcdEGsdrASfnxnPHnDNNRs
,test@,+92-300-1234567,,ORD-456,   Leading spaces
Usman Tariq,test@,3001234567,ID2,789,
,test@,3001234567,ID40,789,Trailing spaces   
Ali Khan,ali.khan@invalid,3001234567,ID4,789,
Ayesha Malik,ayesha.malik@invalid,3001234567,ID5,,   Leading spaces
,,03001234567,ID6,OrderXYZ,
Sara Ahmed,,sara.ahmed@outlook.com,,,
Fatima Noor,fatima.noor@yahoo.com,03001234567,ID8,789,
,@domain.com,,,OrderXYZ,Short desc
Usman Tariq,,3001234567,ID1,789,   Leading spaces
,test@,invalid,ID11,ORD-456,SNqcKbZnj kqNKpEgWSbzrPYzwcUsgoWwhkjqjdVowCsFqGjXsPTDRXNsLkeHhLZkzyrOVbbiZDdBtqgzqCphXtIKtKqwlaBahFNPMIJymLUvEwfeVUKDAkVmrCeRUGpjBiqVDqlgaTdxNVDtwvBZKCsCfBjBMrWfGXOniXsvEWOQiFOLPkYmRJPKoPMnSCIG UOXkGzTFJwOcLoZbudzbHdCzGxpIkPShUIqzDAStDdHO DFZGhLlKhVguhPs KoEEwzsjJXZXKUqhyKtnYNdMoHiphUCGPPUbAkr vxAKiyTEEiMtpOSSEcbwrNdThUDXOtqCJWMwbfhGUcx CsBjiIQiJJfgnHeWBUbsmKJRAzkpHKssvxmTmsljDxnLVmdhvtjiuRftaz nyQOrSKmsMRrnYdskGSTimhIMOnDmnDOCbLYUibNjgQJcU EpqlobRLuvaXhOUSCHaKnXfTiXKplJSsckNsZufkPkGnpCqxFJBpCbNayaqqIoqYFJGNTFLhWAljLklQGgmGGfCEHVQwfITjzjnrnbLThlGakxiGXqeeUXocAOEVPpgTTtFByqLNQaGYGkyrKnniuFCJFBOkE KzUCqELjanVEoTbYoRaQrYoxEDHXTuGfnoVVUFGlcZqUj RsmSpyavvgVhAOeElSmSECnmqjtvPucioNCKQzATyLpkiKhuUymQZHWHwppAwISedzlxqXzWcp Tz POBNJb HIdgcBTJAydDfdPiDGsXODSzhUqtmKQaBhmJnDYOwypqldzMKLNXXr gghxuczX FFLFaTxwDmxghRlqxfpOZuXWOUEwxqnTLhNKThJstFneTgtfw AfMBOygFPAvCxqBJoXnHvhQIBOW VQkkhUFFKLhbJcHpTrjEzZmlatMsyezMXRLUyQZyDRxkRRFQdlPkoPQoCw bJ lTgZMnhYbYoks n lPAsNm AMoRTzcpxHDigydfrlLxaIuVjROMoKn gpgJpvEJohYfnVEvfmzxEpNEjAPPvJfNIA BXbrMksYjUKxwLxrVXYogIyrxsBCiNXjYVpqlsJFnkwIPwqiswqUBwJrVqFeFfPIgVKvtkpE
Sara Ahmed,sara.ahmed@invalid,03001234567,ID35,,Trailing spaces   
Ali Khan,ali.khan@invalid,,ID13,OrderXYZ,Short desc
,,3001234567,ID0,Order#123,
Sara Ahmed,sara.ahmed@outlook.com,03001234567,ID35,,Trailing spaces   
Ali Khan,ali.khan@yahoo.com,,ID0,ORD-456,
Usman Tariq,,usman.tariq@yahoo.com,ID17,Order#123,XuMcvvDIMEHYBxzqwGRJiPHlPiBdHerYgrqRyacpRnTkMwlywYYBLyZUvUQLUBHpSFWpWKGBkigJjzRPRQpJnOBjoIRejtjOHUcEZU aCqQVOHLNipjVZYcRGLJkTZQNucqjjo fqgVajeFRBBFf ZeVvmmNZLzceKBLoXIZfwWUOeGwBOOWDdwYmpiDsndCMn VCI KkNHkLAKHofrBGGHPkNSasSThQrduTlYHi rNlmGayCJDpAFoJSEciAQlbYBEKhELZyjLFSHwwqkPLjTigRerQsuGdZPSjetdPhFEMbGXpuHSawFFBSAJW FnHzHeftpGykMXVvEaYJ pWoNYAqzdXEVUbJfkohWBdMbWTEnHzAgTvgWXNTjCWCriQgXaZwFyTXDBnBtKaud GgbXSCIBwvyQMFsFoUVWIeIspgnk savOCHnqtZJgDFNTLKmSIeIuxqtpGVFDQiNGSjojMlCCwNsaWntdMHconPzJIoOuZOZOa HPOGOHbedGEToApmAIFkr jTgUtIwtpsqgVoFZtodaaPZcOWfpdTLNo QmfAHICbKHWXkpYRNhTPFYWRACwmhhiVuUtTErLGnYeQVLX fJyflKKfLxccfTfBCRcds UEchGVmzcEypgMD YiWxzyOdXskfGyYMfhBVzhSOBSS cNHzHiInixLl yBHZoZBja xnRtmMJQFLeftSfFDozUwRhnfPRFwhtvbrZfGLdMiWnzkpvPvIuAXGGbGEvyMjDMsYqWIndnnXxwWoYbvDpPf OhNKWSjDdVGI JqoctpJsXIhQihAkBjcKqwJmnlAmFjnsecXHvBVDgAoNLzDQcCSGfyi aIyxsVzmTteUgKdGysZBtyKcpNk PeGesr iHhwLIZJnsacOqPEglVARDxOTuXsPQygGDEQTTSKoqeoBmOYafwhhURhQyxqibPriHUDlu wxbbkqg mKbCUbZeVbVhQanJhRAcrmxdCOpVGqMZvybSbAaGFDXxWfeUQwehIRQKigoNjhhdrnJfzeVKSORSeSMWNo rUpEuhDKwctXCApjCFFyNGpXlAQpJmljsBHvMaHIqcziEFTZIHlF
John Doe,test@,3001234567,ID18,789,Trailing spaces   
Sara Ahmed,,sara.ahmed@,ID14,,uxEZGGfiTaWkjNKJYSEoSlsatvSpYFnBUjLuXwLwYmNZgTphWueVMrnGiPlcojMrHspQgeZGTiknZyaqMG YoExljPAtIHdvPZZvqArfSpYk GMdVbEeepbpwthqcndfPcQiHZuMEwXnlzyNugaXvfHwLyQtnmMIoDOYwlAnQwwUdBjzMpYKWTWiiRRiVtrBFteWNAAmxaWrvtAlpTudhyLZryOhZ pVEIlAXMXQFngUlrXkrPIwODxyDIDuzQwUYBmtlHnxcmBqeLBUfXhZBMTQCOxqOVGHakvwshCJlKUcgtwlfTamGnkUGqKQaASTStVzOCcVpFApXzqxJdXErGNEYKsdoDLvCfdzrJikEEZtRr WxNMsWWVIQyNMlgPFuPdGibOYPGzXhxtmkoizIPvLpLdqjGwDUmLAqfUVHwaSIKSRGJUrtylx CcVjLZxhkkQrYGwdVBwUaCuGnEBfgwhWYrZcLIVWqNhhapwh RntcFWOqAJVHPsvjIGtcJv bnvkLiTIFkOAlIOmdDEzVdqhTZigvYnjhobmjzDmDtmbJIxTnqZlKzzqhZMLjQiUrrsiorUlMBPlvosgwByghDCvoUJgOBloRwFDehkbetsvlbqNoRqdvoRptAV okLxjOcYTVBprVjJ TNcRczIKnFt funnQdGFVsYUQKYbMcLXhjTnTUelvtBUIHzJHxSOZyIoppgDHrSEObrDgVpHm yJngT rDJJJPdbVn JIijPsPHskADSwJxCZizBbpWDbVtRBtpAlCcpiJwNofuIAqQDITgp vOQMAFYfzUqaQuyDtAOLQuRGHERLJXiAqTcFMnzENGcanVuPiWwqSILUvfXHCvRWFuk kCeGGFPmyOmtmowHeyTeijgjBxFQkTUHZtxKGpqYdGtNkvZUIDMJJGewCOgMdwBEOYBOguoaXcoxMJrxrxmriCPhtprxpAiYmqxeGsKXCtpOikCwpQZCvQ AMkhilW vFFnLFydwvJXILZRzFnnXdgfVANRvpsfUWnnDpbZrDHwuNqJltXZghFaNHCQDKEgVxLmfJaADjWkOSndipwAcJdgTUjPUVf XyKTLeJbuF
Usman Tariq,usman.tariq@,,ID9,789,qopdzEo LgxEnQqkGoeHxxKmDlGKdXsMshKKTnDNeynBtG jJzfdsRmjGrtWfkvtDGXdaEeEeFbP KmdRBYIQeYmNtmudWFCnZeXOUyhsYhlIezUUOSeaYrDoxwdgqNmHYxcGHzX czixqZlBwTPaehbamczIxyEsSyfniPdzJIGjoSAZZxngerruxzsEDeyhuBmXgubBWSKRpZmOxYXQOMidNfubXhzYnHjoEMsXjrPHbAnfMGsLqgbJCFOqVScvUOLbARhASbsjF nYOHhbqqeDJuNLPuRkGVDInlCUjIUfZiYWlFYQitOPJskELypvATI zloClgFmJfsyJzjIYspcDXolZdcfVIsrMayGpEHSHqwxmkedejjmQxhRmZviXudjqDBlORjCgZdnfcODiHy sARdSjrSsG EmBwIowwvLmHLYgtTnxTkSlCKNWyFWJFFpmqxZlXNHtIgaElqvawzGrYMcFswBerwmXVVLZhMvnPrKhEQejcQjNHKhKWkZQxUSbvytVuAlje NVZRdQBWmlKZzBbhwFvkmqfHIxivVqPJlcWPuFoUflRaFkWLeUOskXUhIxleuUvMTVcLQkDTrIoAcFtcrpsr oSoyaTksEUgqORqDLSoTiKTNAmOZstolYpcaoQvTWCWOdQmZOtnxPoFvpJndynxZgNGkTqmp dDBElEvhoWclmZMJpcANtzMCyORT tTafHqbyfFRoXNrRAMJqNNWUUCz P mtfWKIdkMmAbaCzNbAPa dzJHKvaCzeBjnaPJRRSZKHAoIUMEUGLjDjKjQ qcGPUlAasePEcNEXyYHoOmJvJYMIGOzcYwiqtGJkzJCafMvSrmwMNFarwzDasGknwXtWaTiKIADXVNgKRqDVXveuaAaJsIRvxILUCPzFgHqmlQPvKNeSHshurFxtuIztPCMmzNQwtIDDXrwChOgDzFOlkXwPOOFcBmwSOmKdzynIytqYHdBMkTKfxVCNfLexdGuOCBHytnTKgeRJblmftVSJyZYuJKlckpwOKJBZkNcMZvIVQLzHNSlFgvlxkrJHTTqJOKQlpxEjidxhHmsRRkXGqPUhjcyxQdGvheI
,,03001234567,ID21,,
Ali Khan,invalid_email,invalid,ID22,,   Leading spaces
,invalid_email,+92-300-1234567,ID23,,hOUPLRMELdunLEVBzYTFqVQPJLkvRIXUaJEGSjDsOljqjozsYCVEqWBsPCUcGmdDFBNPLicpcwNTqKpcrelTwnYJwqXdmkfHXHqagHpkFgUVflTelStuGUzZyJNTbxGSkrjDJAWsGxffLTtIrjvnjXdTOVAOLXUNTrCX AspjVkfZrRMIDYTkmsP CqYInAiZnUPHzuZhRwJbKRhNsnfMfWyyRQcURUJtCebZdqYNTTOLVbneAFIsaYotMcmkJaYQWKvQ thahTqJEyumRbbCtbFFBqbuqBmMBygwrliXKPPpyruufhrZpzEEPRFwBIBpfqlKqbmzPHRhoCOzTbfQUbnLHfLGddkUulnltljQdSNTDnxbgiAIuZUmQiABoWnLekFDhSEZsumqkyKmZCff WYUhKiYdlGbwdmLovGDpxqHGmClduMocEaCA jRJOa  lAJXGgzLypRWJ oKzXyJsCXijbzje AplLmFtamUkCIDemnMozxkcCZSWGfQDMGvTHBusmNKXkKZUSVzvOhQBlpnZAkt xjPUFmcyWHCCuNyjdxBDlhGKHDSSNHxOluUVMnlqYyYLtVPlemlUxULZuZYIlXJTNROWZVC KHbVmcoKqjhBRwYtnwEXbgosCWJaJGpsFQbjGPDRXOcEmXFkrNyWPrDnfUNHHlAXoxSVvbZIWDUmhIXv dAPlFpSaNVPVYbjIxu ivQFNWiRBnX CFZYDFSzFKEIUjpzCFIOvbsssZyCsNVq jRMCfixCnkMJfxYynxa PUlNYzBlrQooGqeoihqdedwnKSNnVyYEkmHKdxZGkhmKMWqLYBynSNQW OQvLGEZzNlNSOMCTHOudXijPbUXymhRoKCtWXfxYcsGirKp svSVRYVIGFHjSds eUinqEnUsT gYUiUtJkjtVJhXAzsECJKXdXcxoEdQZcGPSxwQUEWdRHKTSQk BhQIJBGopHIMWNvfBpNnoruZYDbhjYNEDdhfQPHShMLtkabNcJBLoFFKreeBTYigXXucuTKpiEnuPTVHennoUCXEVGmTnalwi ohjjfirnVbBnrquqqnPWNZmGrEggpHIriIczlGqe
Ayesha Malik,ayesha.malik@invalid,,ID17,Order#123,
Ali Khan,ali.khan@gmail.com,3001234567,ID9,OrderXYZ,NULSOuCNUgwwLUZTsrdCMnKjMPObagwvUWHaHEVixbdbOLVzPcIKOWoPAEWfYFNkJBUnUAQFWOgXAOvTHOCDVJvEkqjWwIytcKGtbEzfIxexWLoCNyaOMJXqrakKMVlzmbaoepdVdxftzVGXQseAfLYQkYrsRyGVwUnELsFYnEZzVQYtNdxvITQxPsKzePgUEc WuGVRonm QrlBsQEqYYJrwcdxnBXSORioEWNNZCCgHxGWhpBMxvJyKhCQsxrxzCaWaZymzARsw UMfRTEKqOtZkRIMyePvwjF XeyhDJKw jWqbYkngIpuRsVHYivKYysQxRqfvQrirYfeIJwFpblgsklGVeGECWLVfBhLZdOztnLmHETIDxttuuDODwvokfVVLXCFfgSNssWEJdTbqNWVYgOWIWymnxTvCNCjFsqeilgdutlIeot UpsLEvztRQceCGWLsOLdeGueMHfvXyfRwrilqWquQvhmNeQtokiGuKDjMwtTwzbANLUVAYJjAfcEFPoGvUiQFTAcJpJKRvHKoAmecImBkDOFkqbJFslhjFJWBTikaqsBZseNSDNmRfcofVpoMLFzuRobqQrBbHuYy hXwBHuYjPVnhjimycWlBaLJWDSXLjtNahyLzROkyIkBcJ rEfyYHvBPYZpEccv QYLKR nGMeFRTEHlyZoER sYdRytoBoWlNlGvapURtBRArWboTPlNKBXKoYyzPtCihRatIua OGnHLDAORpjuwTCLxqNhtYIsNJGUgDaeitpXnhZYmCniwXFGVNoULTARjBIztDnRthQeRofznpvqKEsUTbygMaeCgWwIYCkaWxtlzXaIjKmGYfviIsdQJd LlPWWxzbwOZTNlTNPCFxbLTCfkHGHfsMmFwsxT UbsxXyaTAidsSSsviImcplBhzBCnRDjuUTyScgfEViXN XWW tNyaJYHvyAGzHRyGrZOVMHaazYnPJQRtGzWPOPnaxGAcOdSRqXcdC o apB FrRyPtQJyeZGwTSsGtx rlrOmuowOoNntMQtofbOVH xXBkqTOQcuNQKsPYDGTXgStDDMKN IzX el lPCYePG NSLQukr
,test@,+92-300-1234567,ID26,789,
Sara Ahmed,sara.ahmed@invalid,+92-300-1234567,ID13,OrderXYZ,
John Doe,john.doe@,3001234567,ID49,789,
,@domain.com,+92-300-1234567,,,   Leading spaces
Ayesha Malik,ayesha.malik@gmail.com,invalid,ID42,,
Ayesha Malik,invalid_email,+92-300-1234567,ID31,,
,,,ID32,Order#123,
Fatima Noor,fatima.noor@invalid,+92-300-1234567,ID4,OrderXYZ,Trailing spaces   
Sara Ahmed,sara.ahmed@outlook.com,,ID34,Order#123,Short desc
Fatima Noor,fatima.noor@gmail.com,,ID9,789,Short desc
,test@,+92-300-1234567,ID36,ORD-456,Short desc
Usman Tariq,,usman.tariq@,ID37,OrderXYZ,Short desc
Ayesha Malik,@domain.com,+92-300-1234567,ID38,,Trailing spaces   
Sara Ahmed,sara.ahmed@yahoo.com,,ID39,Order#123,
John Doe,john.doe@invalid,3001234567,ID33,ORD-456,FrJNifxvsllxZgSTwhdLqrlOzbvceOPsbMFChCgHyFUxfijUiVYAXghLvgho wtSJQgFwtSdTqlJZlQqxeNQwEnwcmDhCESWqzyzqdmkTXmCKFhiX sHcPDvcrTHYyTIdWJGSCksboqzWvFIvPjcndcVZcfBNmXBZTyioWkuFwvQWZHqiwBxCBjtRTlQXBatjYrmZxqOPOBKnGAwwpepRBzMqEAPaWkfQcSITPb IQLi PxmNpiHYXVFWgaTfQcFXpKCuKwHTWbCBUmD KASbSGcvSNfKwVglpHiQZIvQmFOQuXDZcSpdfrtnPetBWHtufXhMzqZkxqnIepXKGJHIKJKXXxPrqtLuWCraphIgLxPIItbLmroMIdKsPxTgnmtQmpSyOAcHBvdcOzgsLcVCqusKWaVCdCduNBIOXnSzTDgeovHNwGkAYoJkvMigxtrXVYHzjTmReHNsPNDIHhSnuukDloIj GVJOADvoGLVYJHiAuUfoTbvbUMPWZmgXeaPkJReikfUeiHeTMgVDQCQqDFaRTQjIFtdsfhvM XFAyKsbnKCPFcbQJGnTxwcxIcXURykCrj KFwQWtLUseXSAMJCVeIVLRJdLmimGmnnIXibcGIpKUbXJIHCGsDjwGVQJzRnaenFrbIiaBKsIJpZSNsCblupmppOxAjtgFrwJGITfJoEdVkaqnaCwChNJ beNGeOwvx eaEDjLBbMwuCZoTLrlXxngGUO UBwpcPEXeBnEfZcdiFNNXFMiGcdtoGelFbmPrTDeNUkBpIViyLruHdbbbrjrSEmOFzFnhGhvsbOXQPOoKlQnpVpCrTDFgRmUaWtuoGUyQwuSyItFBpDARlBmuvpTzDvEtzrbpyYxtA azAxuZYvOPQZZOwvcqlWFGgjayseDfbbeaIbmrNAZGDEYraKmHmHOqfFMORidZhn ockOMXGLKCZ ZuKGIzALUbsnHYRUTXeUaEeigTFZqt aHRkpQ SfXkpsZUC EaHhwHSdnjpc StZBjVpMvMIhlOAzDJRLt BMvvZdbfdEjeBPngWtbXhIGbmqLrPsmGkSlMhtsnOqkncBhkByYPwWFgyzmAcR
John Doe,,john.doe@outlook.com,ID41,Order#123,
Fatima Noor,test@,+92-300-1234567,ID42,789,
Ali Khan,@domain.com,3001234567,ID39,Order#123,BfJROphHZOGiWeHAtEwCgd XqxpVKIDyAPRrYswhqkfwByPtDxICYZclgFldSyJsNDzQjGsnzlwljywqJFrHYhdhrbEUkVUu caPdXMzaRjFmMUFeHoUizzgWKJNrWihujAaxbfzVGFZShntLommetoRMtkoeVJdCCVMjarAGQLDdflqHLnsPgAxrBWtdzTjxQZ CBFrGJAASsUrkHTapFvJzNVZiDofbPqPZSmJVumrfNQYfJZiKbFqPEiUyPSDwtpvUERqwtmUAYbXkKLRkrcmEHUBCyPTwXoEVqrteMyPlvergYdHuruAGNKalQDzVzXUNVvDoWvtXkkDqHskYSZhdpXTHhcUrCYXnRzjnTlFhxnRrcDhxBFNLIrkFKdTzQknkCIwOkmbTkrPINNcyuFAFCMLqsW AXbWKKtFhhfiTzNXgcQiTPLhxNihvLmyhqIswVMahCUlKyvGRxXTMEjLNSgGQOxySgtJDJxIBkbLQVM eIvmGTUYTKwvhpbEdn oGMtCzhyR mYruHAVZQKrGcYTvpO PhWWzAMUIBIzsDVNAKxXqqJGxvtVNM vDsPpxeMKyBDUGBIyDOKiQCpwTFPaihYnKYdPDDFLDEaApEWugipsMOdJNekkBIFgaclKcBpDhOmYcBXFyUgFtfhFkTdwwHuLnpWupOVuTIgIQPVTpFpPOAiBAHw OcreaSOaXZogsCoHCAzIClYlyIKQzWZcAVtDoBeqEJFYkavHiZXKMLiBCnXmUphuyUeZzUKQxHMcypAYdFQqyynAXkEcnhAnsXiCFGhGxifyANECbTjqNktWFHYYjDPHoTuIZvVYhckaZwyWtgnByahxUQlZPUjZZQJmijoUkEkguAtSORxHUVIDDkKUviGbYkJyayRCICwzpDZDVxQSfJHWtLmVRV lDuEkcEzgThOrkjX IuWCPJqZmFiiJTHOvWAcMmsPzDTlopX gwvwIkOHXfxfkmtuktCaVkOniEfoPnrjXOFHgWQRXjgxT TKytLBIHczKQaLlleKYAHzETVkLULKBuIPqxVwVHQoxorDIH elNXHQoEvUpdOlvekNy sFXPNYCRnPtLO
Ali Khan,ali.khan@outlook.com,03001234567,ID44,Order#123,PmyJyCLBKrIFUBCdnTQkrhZtgs AoYLFEmCvTYGoFRtIdirAGqRfqFUhcIQMXtAXrcZCVOY YkOSbjuBWOpWhWFsvAKIyEZwanXoeh qvkEBbvQwRbDfprjeeXrPGzAAKUzxexVovtNYOPPGpgnNJPOiSeYSHhXATETdfzZlEdjgpILMfNjEkOtckgkgpaBzzgxxuCgdIHwNOMEryPfVpHljeaRsXssnCglafoECA pVNxZwieAahRXnaUy qIfqXojQoxRUcCrmZIzg GVEBVDxMtFUTQRXtAhJtiLzanlvLuJsumvNUzrQCxJDWKwudWWLraIyQirfFNdGDvBUBaTBXFoCOYMKeWkGNbc WlWiVTtDRBqFvId bnsqahekTBwdcDFVb okcviZhXSXHtPjKKJVbsyXbOqCjrLr  QOHgefMXMQLPFPIFehbUXCnmYFGSzXOTCcmfmpA YaHUQawMdbVYjYFbePUvfBmfRoRSHllxHRwqbjokdq PZrKZw RiZqBRuRLxZQZJKQQDVAaEcp uBoDotJIHImykoxdADjapGyAZtaypSXwrZMCPvYTPt pRcuSdaBNWaMkPCdrquhZqmmXHZiLgKFlElOtjebQVTLVGux SNGpeuLZwUNPWtrBXdhabXhWgdWYkjGqOmeQNWPVeEvqhoraEoEww lFpdFePTpeqHSEjnYMgsLuiEGXCxfMGLkkJDqfcQxnmEgIGevXnRYqQRNFAsNGDldddyGzEIuEno BXfBupFhWAJOcLDbJAZfjwkPetN QqWZEVdmTDtCvNkymIBWdDmKNRPnUbqfVPCRvhlEgqdDxnGzjgSPoCjdsDgWXAtffOosgRZwYZtwxx EYtSaYXScZEmlHM PHfTowfEemzRXyYbFVCaPczaQqAjZBcKoPutiHJEQRCvJNeAskNnjgCSYUdLdHboeDGwEeaKcRRcCfspWErJwCmYlLtRtQoOvmVZO yAitZktZeRaaFbEBKJUcwuBuhDNOtXVbRbNrtnFQpALGhtHUsBIgGLgTrqqbnXt wuruLHuBPSWOm dxRcdxXqvTxUAfwTUj szHURQumSMHIhO
,,invalid,ID38,,Short desc
Ali Khan,ali.khan@outlook.com,3001234567,ID46,789,Short desc
Sara Ahmed,+92-300-1234567,sara.ahmed@outlook.com,ID42,OrderXYZ,
,test@,,ID30,ORD-456,
Ali Khan,ali.khan@,3001234567,ID49,789,Trailing spaces   
Usman Tariq,+92-300-1234567,invalid_email,ID35,,Trailing spaces   
Usman Tariq,,usman.tariq@invalid,ID13,ORD-456,
John Doe,john.doe@yahoo.com,3001234567,ID6,Order#123,Trailing spaces   
Sara Ahmed,,invalid,ID53,789,aAjDRXtTxXnLscEFaMWyqJ WbCozc PkFlGbyOLDSxrnjEbxNqKPZOqMiBiDcwqtxOYjIKYcOmoPWMvw lFrGFjoDGpdNuEMPUcuSfJchmTCGyUIRVMKuXWdYPncyi cJVAyCdWnFJMAuCjYUGVrViSXpC ulhAREODsXIYCTOsZgnXUxutjOJFTnkHWliWNLWDBGwfnsqCTMngqXoRheChB fsJIEjrcgggWDTPSMKroNOlvVuNouTlARMzQnQRPqYCrTyFSqQUIxqklHqymFhwCzGJIVRsmSbMnujqeirp sQ WNlxFBP MRtZRxAyTXOunxHEEwrBcQLGoQQpuiiUbdqBvfwPscAOAkmsLxlLXXhudUdiVDDuqGFPJDgHaooDqdJYEnYJDDbNxJXpsZitQMyRjuZcRfaYjjkZvIbmhWVQzmnSwQjwTgdRRaDWFU sWPNqUXUSXRXqSuDJpltcyUETmAinQYrxhjTEsDlvXNcqpBxAhVrbyhCAel yYiKLywNnOuLkrlpeJcdvuLolhDcLNDrBeKtbqclelMLTULZPkxRVKovEeApnkMWrrhIDYXKFSGdPjFcJAVQpjAbUCWaDYzGwsJGkWnQ nOuryIhDlTQZPfSBlafrB MKkJyKXmBpPDBIkMhZ kWloKEyKbFkiEShA QeZreNZSCgwWEXdaPBkRZlWYJMWPJoLUhEuqFdPfIyo nzHkvvFTupVLWlYxAdRqMfNllJbnQhwD jWvUIKnJfACXavCa cOarQGVdkyYTknjkBoCMrFVEzBjBitPMtzfYBrYpRNAysksJkKOaCxaDNYMokYLNyZOPxYaPIo EBEmMRjfa FBflnLiauSgx qbOQNVsnEpGnlJrNQlUFodD DizHqrfMzDhaRAOepElEdpsnBLayZcKHKKdNCoJMUJdPZbaiWtvWVlEViy wXtASqoCCptekjVDIPXaPKPqgzGTQdwfZATAxeVaQWxOLKmFIXYCLbZYhGhAYcjfVcDjKOILSsReHkNsrIpakVbxrCCGPQoPIabKLxVLSgMuyxXdyNJEQSOqdEMfalWlMKYgEFMoDVFVDxHHGwgfbXV
Ali Khan,ali.khan@invalid,+92-300-1234567,ID15,Order#123,   Leading spaces
,invalid_email,invalid,ID39,ORD-456,   Leading spaces
John Doe,john.doe@yahoo.com,,ID16,OrderXYZ,NukPHvncHIxGqT GVJnZFNdnhFrOQLqjsQANSZMyUxZEbKQsGEJyokTuFmshXQOldgOyQynBfsRkusoMSrhrcZRfLanqEBTPKdaDSqtoOTrqrFRfgYTmHRsQCFmaxcXVnuzLxubXkj UAXUemIYQVYtrj kVIwglApwSZIbAd y LrfIKS rEkRxaPUAGasZkoaPBkMoPDqRNpaCYVRWTRSqKqWDhjrGMRhsCvsxeTiLzPvMOuHCClOHpI hNNCvzDoYEzeXIbUaKnpgkkPGtUceRZJiIveIY pRIvowYfUfp EuPDuNsTQBDIhyiV REUvFLhXZWTwwWEVKrnFKSUymZgHpBnRMIFvoPOupr xjTnRZkbPeSASopPrMbThurcYzDqpTYTbOYbQdQRUSwbNplXBfGuRoDniiRiwASyUsaMIaNgQkMaYADhDwMWMVrUJkSQQIcebtoYCCGTNDMHdWrbzwkvYtFQAvFcQVsMzUhtBPxBYAHMFwOnyotxDWHzkrrrurstpnzs FVmsrXTfAPeZdtGdfusOk hjIojGTxOMDIgYqTYytSWyKuXmlkcdFCQqPopkXbjgswHlbWyWFaJCUcXmxp GKLFafk LxRapxBxCsfuejVIAnWJGxESfhAmahxFZQrhOdxLaBAgmlDEDbWrzHjQqXGPGilL khXVRynjrpTgbfHHQOiHlnTbkqsLFPzwFVWzxETwodYaPyTD ThoJeRogQorQFhmpVmTpyVaBFMkovv uFMfuCHSYQRnxhTrFlXkbVJZebrLGFdyPoVlPajNgKyaKOajUuZWhFIbCd QtvhRCMNsLscEuXEvqtJl kyonFLoZZTiHmhTSHmXyqmsuIXDRrJwfnHICtonCfbB WodklIsmUqBMWrIpmAdDXoBXS FXpuGsrCpmHVAuAmZyYSWjskTN DNOAEZvnmqcHO MZzFbAwVyQctggiKbuXZIHfEDoFuUByFifJkwzMjFgZbZJTOtjKJmimqGlrpSh RrWmveYHlYqzlqnhevXiszjpQZuofvOKonOdXjwuKZUqAzN bQW OSaeHuhTfOElSUyFohvcswJEosJXxL
Ayesha Malik,ayesha.malik@,03001234567,ID46,,twfTzULSEXv vCQotHvKLZxxPgCnscNhZegeqOSwi fvxyTNHCymQiQMSNKkHQilLMZULaZljsKausW GbiHATxjcNQCtwjusqqacHDAtdWCaqfwUmSptYsHwK UniMigRW QslwCTJFk Bu pIxSTALGjEezYcGJfhsrCRfTSKjcnIEgMfaXqYXjOoyBKXOSSHscYvYVVOKkMYzFJWFECekkClt BjTQngEmiQurSFmmjNtpFMvlSFNnqTKCPTRhTYfHiIwbjNUNoOhRPUYgrHtxyRWYusnYMSQJxVTkoLkNHLZKwCSliPwuQtCEQPSjA BHzOCIkFBPmrDxNJFzIjSIIbAOPOUdxNdxRNMzSVabTxJbUoKsZwFyQuufHFhPwAwXoTZWCMHrVwGVNUnDLIZqpbOfNA ujiBNZehFtntbnEcBRYskqdZwgsKGdGGoVHZcIggNTqwCEcJXgjPnaBaczFuXlnSRvtZOWHXsdIXIyCNcLFPJpZpIWxqRsokMmSGYMA VjkzuCaTQeslqOhSiPcNEukshieRIntxkhpyJMIsAXCDLylBGjENZSqUONOhDceOCeWWsNcdcmSXEqedLqgMgtaqldMCiPLLgNGfhyDUxGbDNQrJXfyyeGuldeyaGeilpascCSohpLVmZtzNLvGoziXp ZMaWMvbTZouQOuFFYfgeqSbhHSIoGRrJZcHXajLgLRvzspIwqIoMZwHmCmBgqCXJvvVZGjbotxCpxJaAatbxEGcltmDIUIOWfayXKvGMazfjajsRzJKNNmMPFktxrfBgicGnnStC SGoXPZU lYqbUlmUSmZmRMHVliaLFhAXOBEMEOBFyNmRbVGjWSiWmzwNDxtUcheWaEQb lROXKEayFCehsKZXSGLONUc zbUApIDifFrMepmboDGGyRwPbtXlAEbVbsQmgPswSgLjbGClfFxVQiVHXeSgnXqGXYJuWrxgFzY ylZiVnAnCDnjCeHdtZFKg LNDCakVQzYsBKxzxFeVpOtyeYDLZOLUwSCrkRRNynlETCMEBNftPmJfiKigaNFdhkeGaAuOplSWkRpXcBevhMoUnWUYPvymRwch
John Doe,john.doe@,03001234567,ID45,789,Short desc
Ayesha Malik,test@,invalid,ID59,Order#123,   Leading spaces
Ayesha Malik,ayesha.malik@,invalid,ID15,,Short desc
Fatima Noor,,3001234567,ID29,ORD-456,
,@domain.com,03001234567,ID62,,   Leading spaces
Usman Tariq,@domain.com,,ID63,789,Trailing spaces   
,@domain.com,,ID64,ORD-456,
Ali Khan,ali.khan@,,ID65,OrderXYZ,   Leading spaces
Ayesha Malik,ayesha.malik@invalid,,ID66,OrderXYZ,
Sara Ahmed,sara.ahmed@outlook.com,,ID17,OrderXYZ,JiVFHymhykghaZPNHNqUySMovdaJTAHJghxEzDfvqhayRoIgHnpGBEfTcKWPEkXyuPGKrwXwGwaJYexgPTBsZjLzEHNHNKYzBxfaNesrOFEuEQsEUQmZGfCbLnpDqPfFTZnpixRylFJCjPjYl plrGPyZTMRFzSdFmENoYfoCenRZrvZsmaFIqkhYxqDtglZQIefZnTXXpfySlovWihTjlJ VUvabIKtYvpAHKxMAZRLdkQejPzwKBTtPTmxWfdupuRyqOiVJfAkGDuUBJqEDioTIzCtXCGQhocKMJRzrEBxrxSexgVvbBbjktyLdoEwCboGAIOrHfvydfosSLpTDjChjH lcEyltZBGF IZJENnNVCopFHVwDTlUjQxAvomoZBAkVYAYlSclMvPfGkPbUMNaKKBzQL DEaVJqCaOTCOhAOUudFQFfzObLWMUuCThXY iwzVlXXOUPtWCbFvyYfZIFwoRXkawBvFIZCEloH yWHhlYCcqVHtMfeiezwOjhtFITdeCFwixNFpdzzys LAkuVXmzjUnhjobtbnpWaEXBorWKWRBHWnynAmNWUdnMomevpA woLySZZmUOeeeHfghcGzSkdxQuQry m HzCdXUORpJtXkDjDqrNdReiYfjYGLLhhEqzQYodVB RQNJYyfOwCBcLYwkeB cOzERjjQzphSyCjpNouOBxtbSoTXBBDdCKghqBaHQsDdTwfjDtkzmIzezpkZlVGsDWFvUaTVxERnjQgz vy tphuUTmzyEPFGiEWjniPUEvCMZsiIPELzEBbsdtGRNxzpgenERZaxzvmjxzZnsQalbeHmwqIpkDMOMIQeOdpZVYuCGdMHFRkxOoSXxrYPzVoBDSivpLpAhgpfKfzqLwEpWweyFPzQHZFOBOacHWIAe GPePDVBMXQCJOMmuRRtlvRpvvpXyyWO SLJdacjAEJQFYUaOrMZGKzFJBPnErWRIQvcFYSIaDMOvCaSdLqJWmkhnNDqGZPwsPFEJLaFEMHyVrrEfwaSExhiJHlswGtzBVUUhtPBRnxvzSYNEWSLQcOKaIlEMGLW tAKZZKKSTAiZZXbWkWdeyopodFv
Ayesha Malik,ayesha.malik@,3001234567,ID37,OrderXYZ,
,invalid_email,3001234567,,,Trailing spaces   
Sara Ahmed,test@,+92-300-1234567,ID36,,
John Doe,john.doe@outlook.com,03001234567,ID2,Order#123,cElKIEVNSRClzCeoMnVrewIshlEgiDmwzhSXsGJPEvjxmWmTNNVgHlqJUWibsHuXPrQboSsUgzWtYsosMoVKcHKbMTTefDMcSzPeUSaqqDiBI iXIryLS RvxPJ OaDzwHtmatTuppkbjQvKPOlrXUbIWAkvbZqVkFNXqPfEGqFTYCQavqwpylEULQ rijnrATgRjUIzTKcZifeUIfoCQEMHNeeBWZRUvjDEhMRAQZCHfqAfCb tYaDjJsaZkaXyhyllGfSVjpoZwKKCcOsQMRIbWasDjiqnrzDNpVZWtMuuxJYLKfmVFsqYIMGNotgYlLWLtagdHLhS ZgPCTWoQLYYvsZfHvnLyvsowKjPntDXOIFRwQUwcPEXC BUUrlgZDyaRBDDSfRylYxcDDLPkJEeUDapcaOvWQhwOFbavfAxBphGmEGjiTQs IaRBShFndt kMubJEUGqFihHrtLlccFqrDfVbdtoOrKlBdJIOUVGuGeKAOPBcsv dnkhSCEnkhncLmNwgbKJSMmjpmrrgZcaLvTbVgPy IIhksPJBi zkNjKP LtMKvBsAChVCLUrxuXGflVAsDUgCYFatbTDROepwggdrrmUftMncLYVfZAmQNRkTCvLwbHjtxwfXgQfZhgjHneOigQwuHGEHGOdhgPheBtYEUEiItwwOFypLWlioNVhUQdJYYeBxljekBUDVxbuiEkYNYRnGScSIsDTcbnsbgxtTNH VddvEqyBHUJnrqkrINIekynBikLyUHripxAplJiEaYuanPQrYmJfvCcswjTEU HtTuZsbBgYUtHqimboGIJYJZuJORzVLlpMCcjV kyFetYwXwdBVU qnXlosryYnkIyoCrkiyFHGRiFaptSgSJdqvnANZGiTmojrUCZMnWsa yzmxgWUhJtOvH kcPMISFIqRmmwphdDpyKXcspuVTrTeGzbbXWNoLNiTXJnDgmHPtojskquHjdlQaHZBjdXMmVaLtCRrgRBNJZn zvbdjxXcKjijEfqVHsvmoBjECfNfBJwuuBbSJNsZPGeixnwLZjFzCdJqPDsfhTuIGJykPxfSPsXCPlhykCWjkThmeTWX
Sara Ahmed,invalid,sara.ahmed@yahoo.com,ID29,ORD-456,Trailing spaces   
Ayesha Malik,invalid_email,03001234567,ID73,,NeqUmizrCfujsGqQLOPYjDeM XhiebFJFegdlLSGjAiurBvrNtFVhtFWKoxyLMXnSiBZ gPoWdONJTjnZSxGnAIxqNKLWWu WwToVzQiVejVKFIOxCLPcvEqOmXmsNnDtOHgyBpaqpeykyoQTabsllYYyXKXsxOWNqYLEX RBVNyjpWgaTDIbTpHpkKqCpzfrhyaOOtpNtRScUPaduEylTpjWiwAbRssEbVMGQWVKhyTNYXdkwnYclGyzKSdDrnrzweL vEM  LDSSCJcwyYTISOcSeBYBWZdIoDzQwIxWgypqyTiWPRXzLVfbOdBNyeLaFZSPVERYJzeBaqywaEuEHlyJkeTBXdKhLppcCEchstFJPwmEFdcTfZkpUiXiWchx VSSqfnvZgvjuHIcnksArMFrpOW PsMxXUdmnkxkAzqfnUOEKBOozcfmIwskphkIVmtSHbpBUEobzKnZxNaH oSwtgUgAWxFUODBOEKtMJEzAlFrTbmgPUUTUuPxfTdLKlYQORBABEYphNojOPCozKzhyFXIuPtlTkQpsGgYhfAjqAeaTedgBwNxvhfhZeQLxLbsajSFojcDXsqJZbkKkYZspnhImlpCZQoFVTVEZlZwzrfVMpCLJehloqQyfeQdkLYQpBNzzOZ mNotPTOYUHmSiqEaqIuGYcQjJXRNsHGAMqZGdJoYzqSayRGmIdROLAnzDDQRRmDYoyYz LDKJsUElwrrtwoRrbzGhfvf vCxIUrHjGNHOAhuTNuBCzbE DFnUzVqHdVtLvlM wSVoE EWMiUaymOeyludTWSbvDaIxEBWckPRgVxppU cTLlZFiDztjadrPdv JdVzsNjlooDLD sxIlZlHl gbcvkyUdIlfVuRRGQuXpmmVPHcfXFnxHrGZIaDUvYDTBqAobRzVcBFIVUxPCvUPAZMDhlyhdDfnoYDx YtauLSwpIxtdweNmRRSplEdEXDmTjZOkEoaAZFMqsnABw NNhNYydfNrDRVNCVcMYdKlnUXKVIsGOMHDieHAEenMRjHRrrgfVpgrMrHPWnTCuTvgHFBERxXLDoIIH JwnWsWhqqjalpDIAIfcBzjB
,,, ,,Short desc
,03001234567,,ID39,789,   Leading spaces
Fatima Noor,fatima.noor@yahoo.com,3001234567,ID22,Order#123,Short desc
,test@,invalid,ID3,,ddmnFvcpNkdguMaKMURBZDxiXbJbRso mpXIJlylECeUfPZXNYkcJeBlyGCWFHfqjeyiZzyFwFsdvJIftZmqCZDyamiHYPXfnSsViY zDqTDEOPyTZBPia baTLpbAhp aDcjzMWfmEQNLLXhxLkiQoPakWssexuvWne wSprvTNelqVRTveWuPlFaQfIYnebFPXBKyLkGxEzmAZMuTpbKQCzOrjSJGKYwwfDYNnfZAyOmkzqgAcwzkPggAGbFTBYYvpObuXiaIOrKGpHzIhXfoTdoymOFUW kZNPVpwoPLCYKBHFcmfQrj xYXInMbdQaytajBYDZ IPxFrheNaXFYQpOUjynYnQjwtfFYbyizbveTrvNcJljnygiWQvksIqfShenEDrPZcwD LpbReCMFoZZO Jduaz noVgSrFfIFwbIyTpXxUJdAnWlbUhHIDazZvnKsDzLqHyRZrqccfvTxUnjvdPENKsJwfcZGR jboHxIUlmrnIuLpZXDvfMcJbYkNrknvECMRYBHkhGEMGDGxgRmmiUDxMewaRgjiRgXwHXIQWeIheEbYdCHZNlpodFWwIUtBXQFbzVNCxZVTfocqzRexMozXGLJq EoSPuXsRLhCnFosZARSlSELawjLjbLPzbjIOePjMmwBRUcQUxiNRkwIcoqESs yosUUNhoErBYOEPDfPkkeXESrYIBppJArNdALyfaKWGWwUfswFqsZdZdWylhVWmIROUzQiJaZxjFJsIBeAiPfiKwVngSMisSrIEqXdapkEbHvvgUlTgcRdkIBFcrgYtAhZziqytZFnXpHQtLgRyvRPPRdJstkE KJlF WHGGb rjDoVfpYXurjJRlzVQIBuyyGkZDzPEcneNpMflAcocyrCViGuMMfTVNYPLqxIaibzzGxVbvccCYsvClqti mpPlsRbtQsTxriRdZZLjrBuFWFUaLhCOCBrxUCKXMzGyKwHUjsqRdnFvKzVVEGmSINdljtHwPqRcsmHDCOExdcqnnjGIKMZIzMhSY PIGyiUCzNCHepYjIXbcZQZadLtnZbqBBzHKBzJESlIBhdyRAWJcbQxYLLBYdAblDObaUb
Usman Tariq,@domain.com,+92-300-1234567,ID50,ORD-456,Short desc
Fatima Noor,fatima.noor@outlook.com,03001234567,ID43,OrderXYZ,   Leading spaces
Sara Ahmed,+92-300-1234567,@domain.com,ID17,Order#123,Short desc
,invalid_email,03001234567,ID38,OrderXYZ,UYMFMqYWRnBvfSvp PrDuKWJr UVuWNtpjVuzXtvMqSyffUMQRUpUjPAERLsEjufErxlvSiMmRQhdOeFdINqjeBesRzDlogWcR rbmsHtqkuYFlTo EOITdeQbKXubBbOQdxfhX bEzIQouxbJIBnbPqlGXXuAjLwzw UbTCfUCxQEGMYeYwgEVqYUpmUTTepyJzHtZrgKIGnLYBBUpIcQKiQghKmUPRVqSbwzYaKQePqdpxMlPMLSgCFFhApKqfgopGuWaAFQBgoGtan hIRFsNTEXqKcegksKlbeaTNaSwdRnkQGMHvUeukOBZCdqbfyylPYaLmosYfOXoTtDQSRHVKLgPluWkBtRhiQqvmdZlARsXnwCzgRmQSGByaFwrVHOSb MzIcwgeBQGZhwCsloRmeJOQEVLwmpYbqnAlIgNKMTunMFcSvMHtwjiiRovMVlqPqsDaXwYfZlsySfHqeoalAb xJUUHOBqYehWKiuVtRcnPeNuosGOgGeRWZuVwfGkjXEXSjNoQHAiDpqBLLhYTtBYafvZcishKSbyOjARIfx cR LbKpJikoSfvXKUAgDKsGXTvYrgVWMNnCSqBfZesywncDOKuWfiaG ZVUeCZivqsWCowlCFEqxBaCLJMRNuOghxyeYaiiFuOpZStFgJEOloJapTRNMuvXW EiKIqezTzKkZlSZULAaiisRslFVRfmdvzMKQqtkcQFxslxSzilHpQNvTHMrqFsuVMLJCdVUnssGiwRYSZTROxWISbKGhlAoyynqUhhEoXjYZoeyzMVkMbtVHwWUrhDtdQtugkiECsqidDDhvwsijcLPrGAobNQFDIRSsWmXlnouxtpevEnSVUIKtFYLWH yaOCuouiQQTBzRVtNsluruJwrODbkHyQECcz IZAbuOLTypmWxiriwLIpWwkdQFtavtzJyBsevUgOUpRudygyUDZXJEODjdVcLlSsVTFkoSvBzCiRDWWTPcnWHGhOUvlfUBUjFfJePJySkHjmptpxjn rlasbJpfRahFzchCUdLaEmQMKPDRTOmtOmfcPLqzlUzetQLmpMegWzcYTuFqBjztoLIRQOFtCejDt
Fatima Noor,fatima.noor@outlook.com,03001234567,ID82,,   Leading spaces
Ali Khan,ali.khan@,+92-300-1234567,ID26,,Short desc
,invalid_email,,ID84,OrderXYZ,   Leading spaces
Ali Khan,test@,03001234567,ID85,,Short desc
Ayesha Malik,ayesha.malik@gmail.com,invalid,ID86,789,Trailing spaces   
,,3001234567,ID21,ORD-456,   Leading spaces
,@domain.com,invalid,ID40,789,   Leading spaces
Ali Khan,ali.khan@,+92-300-1234567,,789,
John Doe,john.doe@yahoo.com,invalid,ID7,ORD-456,   Leading spaces
Usman Tariq,usman.tariq@yahoo.com,3001234567,,789,
Usman Tariq,03001234567,usman.tariq@,,OrderXYZ,YeYoSxzrdUdOGrPDAqDoyZtYRskXGXlXEOaWHgBSmCCldUYuTJLvAhZJiorVaONVvpYHVXefrJUZdColbdUzGWw BQXa eUsdmwXDCcrDPvOlWNWUsIZpAMQVNn HyNtwYcvzLRuJdhQijXhYitdOemtkdqesnSkLwCbwMaPyoFvkRrN hlupVcfD nUwgaaJTSnX XXIzyzuEnOEwarXAIyhWGJoTLKlzlJWmOrRrnVbfFTMubllJpFGWCqlZC KDmywqifVWXLEd TYeimnLZXTwLGpSoWiljEBajawjFRZmhBwFGZhnqamdkEmKcbvwGOamEZjncGMxRTFAwYKbLAwEcEhuWiQUJJsjfn jwcuL ltxohTZAVtScRbdRUNGJYxMtzMAZPWBlvjEQptrAQmdewJjtoPWxcwGSnncgwfkulIkUUliVXDtwAifPrlsCloGnbUYKTmPkjackLZjQNgoMmDzcUrXFBjCSXpKjkijunJjPBQNAnfuJXqvqnxMwBupdEGDPyDnFGKbRzBitQVSSAfGldYGDrkHYIaUijGuApNwsUrAZwvnpLCgY vGwTNPwfLbLDdFtchFbvcjRenSxCxbnVfsbLZLwWZVlvjeVvYliuuAplMoamjpsOkMraEfkUBalnvUJkGCoAAVxWnVmCDcv CEbqMOyuVFWSipvhPnSjGhNsrPQdyZddUeBkOIIyZhjquTgQVtfPwexqnDNriCshxDPunXJWoxYckQAkqchAPWyKBMvDDPRZqpIaZwdiJfSFAYZITOpEoTMciRQxsxmQBxEBzigUgvFTQzSEsMtZZYOOyeEWhTQQrqyoMfCqLPCfOXEhLnjXKEZb MbdlROHzQfrmBluHtZnlenfujjvbtdYbzGhGgxcKQkprsZInZSXNuaNFAJYIAQuUCsCeqCDBVPPkAKMFkwsHutNEicVoCpLrwTYQGOxtakEVIBoJSjI HUEknJnSvAsdKvrFquileZncUejJbcuJoBRsBtB INpnAqdITaYDuaiVfwla qSoDVgFxMovmnPlxgWGNaHZFbdBZCRcOLTpdAeQjkORRjVjYIHVOfQiabmcDAvqgNd
Ayesha Malik,ayesha.malik@yahoo.com,,ID47,ORD-456,Trailing spaces   
,@domain.com,03001234567,ID94,789,Trailing spaces   
Ali Khan,ali.khan@gmail.com,,ID95,789,   Leading spaces
John Doe,invalid,john.doe@,ID5,OrderXYZ,Trailing spaces   
Sara Ahmed,,+92-300-1234567,ID14,Order#123,Trailing spaces   
Ayesha Malik,,+92-300-1234567,ID98,Order#123,
Fatima Noor,03001234567,fatima.noor@outlook.com,ID99,ORD-456,Short desc
Ali Khan,test@,03001234567,ID18,Order#123,Short desc
,test@,+92-300-1234567,ID101,Order#123,
Ayesha Malik,ayesha.malik@,+92-300-1234567,ID102,OrderXYZ,Trailing spaces   
Ayesha Malik,ayesha.malik@outlook.com,3001234567,ID103,OrderXYZ,   Leading spaces
Usman Tariq,usman.tariq@gmail.com,invalid,ID104,Order#123,DrXomfICElYYKtPRLIGBAwWBzzkbCrhtb  tDgTdOoVkMoFyDVaGwgwezdaXEeDUHvpsuKyPVaCGvKjkpttIifjbBbgezvcudcyxxQFEDPcWTLLCwcPVYPbPeemZnJqiSAqdpIhmzUCKrnCgHUTtGuAFttm sXmYHa P kFZkxtDFqTOinAfJVaLxsOgMeJEfFBdwXrKlICRGjbCzBOyKbVmGaFvZprJKftCYzoyXgwEycjQmNjmiLhDciNmwSiqUgOOkcDSOtHqNCxZPwjjXYboNSmwNPrevgefuUFLYuMOOriWbupQRYpgNtGWQqbZ KZumpxKQCehLoZlSTpLVnEyKLKjfyPJksmEaGfqNlTiqIyznoRXwfeonzSbtdDSYVkDpOyHRJfYCBqSIUsUxmMzXg qenZfK BekifydrpLyIUdwaZMQiGiEIfEvfAukj VgmXBNQcIWGFEEApWIgfpgwScTObVMvIzQiftlUfuEGryNWCvGiGcJQ lPhtzbCYagzckvXYOBIWUT XVTRXIbvEisEHcFeBnKuyxDnJMlf smvkCdhyhA tsMJrCcqURKIHPXwcyAifyNFwaqvuGeWTBQgchDNVyHgDyLpSsaUcB VKKPTTySLsNGOnACxmFrTlWaSEulsqiwKamKEaCKjXrtemIoQIvPkawMMkxmuWefoOdZZRVUTtsDnVVBIwXkZk Mbfr SFtHQiKxmHwthGcYvuLbRsuRdsEqVWEnDeA h eyNcXMKacVsFfqkEpaXDqiXveKALcYrvahmAUbnOqnmUPBOhnItrcKzsREDQudWJPKOBJD baGfD zfrnOECzuqjabZIkfxQtyZGdbJ nIqmwJrPcQLxJFAawdXXYgZctgnJFjwfsMMWrdHyTsbgbornPmOvPzDXxqcZ mptSpCrkuGldHznjyTQQIySPYvLYHQMlXRKIbWEFKIqCoyXr QqjCswdXfmQyERvMUckChYUGZkNxJMORccJJFg CEsUNOzZBCYpjkMVbXzsXGLHntAZmWbLuTKTEvWJoUpyXgbWMISZeJqoY UqRRLUWxYLQNrWDGnzwKkb hsUEsffEOBS
,invalid_email,invalid,ID105,789,
Sara Ahmed,sara.ahmed@outlook.com,invalid,ID106,,   Leading spaces
Sara Ahmed,invalid_email,03001234567,ID107,789,
Ayesha Malik,,03001234567,ID108,Order#123,   Leading spaces
Usman Tariq,usman.tariq@gmail.com,+92-300-1234567,ID109,,
Ali Khan,ali.khan@yahoo.com,+92-300-1234567,ID110,789,
,test@,invalid,,OrderXYZ,Trailing spaces   
Usman Tariq,usman.tariq@yahoo.com,invalid,ID112,Order#123,
Ayesha Malik,ayesha.malik@invalid,,ID113,ORD-456,Short desc
Usman Tariq,invalid_email,3001234567,ID114,OrderXYZ,Trailing spaces   
Sara Ahmed,sara.ahmed@outlook.com,invalid,ID44,OrderXYZ,BQPaBPYjRdeTwqAhCLArtJOHvBNzvuRtOzgIdjXNrSWJxHdhaURreXjuzLNnWVNJIW RFXzBxHmajmtuVvvHDMjLGCpIxkaAcjNdDCdyGxXukQoOtXFxHowDFaEoOPBJdbayihDoSvXaN PwgAIRhRGFHyJwQBuEXBHcyDZvDjQELAqfrhJdPWDdRSOeguqVAImufAJsKRylKINfBYxCRkkDDstRtjAvuPbKCOwkubGgZDIXvXdkOmnZwkGEDllGVtcvgUYi nXseMPPoHhsQwzpydbWEkIORnlRtNgPSwrMesSvFsXuPzugwHnvbyQYZFOZTGEDZcCKGgbjFiJjyprKQgncmiiWcjnSoIgsLSsrDgJsPZplI  ATQVpcdkXfFZoOOHuWOrfrLVVIHacpYbWdOvGTiQCcq wcTJCGXkdmsfWrhUtkAJmzVRyQMBuDMXYMZxUIgvqmPNmVd y mRnoedqbfyuzycVDBWLGtGCBtPJPHpkFYFEWppLAHnmW uckoxEgYXHdJsvInUzIPFSiqlctEzDdwYxhG RjmLpdDM YRnynQkwFEVsAeRCTYmsPfpauftiDuOjjDygijrKKoMViuFGsKUrloPFzHfqEYnfWoIyaWGacBArbgAZMLcaKJyfjcmsDqyFkrUSQYrdMOYUUQhCoIhHoJqYpvppeVY SQejHXsjxbpE RIAxpJRwCcKoFwoO MmYKrVEBaRmeeUkKRfaXDeEvwDyknMqIizfxHEKLdicDeq fXSRNUEXJsQTbVXPTTjRhDpOMwOwCjdrnBHlgfYfpAlyxbjewUUsJreTQBuTmblCXDfuUWZvyFrQbkEGyIGZadoFNMBozbEZDoiAYHnpFWATXhDvcusnKiwmcvHlULTyZyZDOgzoKsQagqffVdroCGCVbWcSdEPdGJSmiOGFEFlSxWDEmGBoHpoqqwIkuLlLICOPelIWFiyiTorfTugfHN AlgFaxGfF iNkHekBZwedYvKPXTUsmJGmtQThnrJ ZUjlmsqTcWGoniBcuTJLzOiwRCemzDvaCkYioWYayXtiKOJhkfZnsGoXhLfIqEokDFJHMeuqlPMcmJv
,@domain.com,,ID33,,seAsSbBCSxKpeVydFSoRMlUJJDljmcAfAoAWqxQKtBnAWtzjFHlzAuDMZvMuKfrmXrcYvDsWoYjzsLuy pTfbpglDMKnQiIazDEDbYrSQIgSbtdLvmaPMnroPWcmifodYWNQGJwZAurXlc KCqoBBPBvJppBKULUJVoelGLwqWrDJeAOEfqJVoJEffeSbkndJQZTBagcjDLhsFCAEDLCeFNGhFgqmQy LAwrIbHIeAxDXGMXqlJ zgPSQdKMCgyMAaOrvueGOaeoVILktHdXxcJCeiQIkNlHMxyXXMItLZt xbeGDQpjrtbsqISxFMgmsYXxKtXdyNQ cATZKFNpBRZqNrqGItGNlOLGCdPqIkOgVKWJfVbJLgLONvQPrTzRpwBPmeoReWPXABlYnpMluEzsTxEVhOGlSbrYYNgvooTVYx YdFnzQ AiWLekfauRaIFGVKtkPlnHjHBZiuTWQmGggmrjCdXuoEasTvvjyqDtSTKcRiJczdEWmtTKAPIdoUYcPkcieKovuFGSjYnZWvlEGTgLXpFaqisVtIJMmbIqJuhSKfhYapqUnYmuyVeFP bHjFTyTqHpxSFrMRxLVmVTMkHkRTbTmFYZOilvKeqnvbUYBwbyQqVVRHIJKVKoADHaMyfmgdSIEhHcLuRrfFzNfVQckCoRYYbDbITWjlTPQdoD BSIrkRfrnsJWkxqamiQQcJStncCmPcvALsZTOOXQWhHbsUsAWBxDcZQJvzbziutDEiimtxhSwvoKVcZcViUzOTDhDSDNTUMsscNMjhqFpMEurkIgcJGdBbbLFuDaJqHGPbTrwpSYYUiIoFhRnskjhXxRCuBjafOjq GiOLkCK PFnFDpGSCRhrAgIkwiPlSpjPuxTDzWKkETFOEfKNRSGlSXjwEsfvAtlwTfkbCDTUVDpBlIsgOdNjjnuRa UsGzwbqVtgvHaAYafzPqeZiKYHJUMUigllDsc EMFfJmuVzyaGaxAtrNDmJJrfVsB mwwJNKTRmeFXfBgTBJNtUymPLgqxooC QPFOTDrXnGSRKDZFSeFCrBIhlnxmVTHQHRUcjPUPPWySNdJhNhhILLTwSGWeo
,+92-300-1234567,test@,ID24,789,
,invalid_email,,ID118,Order#123,
Ayesha Malik,invalid_email,,ID49,,Trailing spaces   
,,invalid,ID120,789,NmQNCYSVBIXoMNDLrQtjQYGbMtBdazcKTReFiM OdcqhgyjLAufKhxecBxvCDMkMFutuBYmjbZOYFKuOqeGpDMXWcwOADyNjwISqDChtTSmZZDefjlaCGQOvyQeuKDzTozRWyBozgmzXzaWFIKccjMXJIovpSyCbpPqpLQMvmGPxyNDOFTRfwcGseCrHAvluIBvOpBVccuQxBVTDVArnzoJ AfBAkCSQbHWQOHpgROvHMJFvZOGcEMOxJYnRjYpDXugofhVtjlLfqZnPafNjDkhpguCfkdeMisgFQmwTUyNmwSvwXBLFsUSnvCHEfrfScbHolTRoEjWVKlFvxobxDJWQusKjYPToCthVIpPJUKmxeaOCbl Wqa tZmCzhCQBUHbQQAOfxvRdQTkYrRelzKWTrOnwZoAscTlADGVIVznpcMfsqoDvSxUZvLqebtZUVmHvCoCfxKvsSUnhtoWvSdoZTEClfEZtrrcomxIptFKIXaXOZHzeOCxANcujChwBUEBCgByf hUjMgZyGjWeiPFKFjtKZTHrQviYqpxDcGGZaIjPVTYVhUzKLhgyUdTUHUsoyjzRvZeWCUlaLfvkAKmCz DLsFgETFDEPioPtUVxiHVHMBNsIgiGdXGvRDNoBHPzHlmzaokCDTkaBNfEoOdsvriHqwDQnoABIgJkTswdbjNCPDhbbjPDihKlaULTvVuEAObULrzGyjCcWmlfDxpG NajwC oSbQTzBCsEQVTLWhwNSoAWPPz hTOThJXSSUHplTCEDPiBGocWlOXibFIMYB kdtpnteNCPuJXIIrAatqapdZvlhEkKfErxgJopMUrdaCiEoXTViHvntTNmGiYFPIIfljmlheqpnKcRTMWaPssvcYHODuoyztaT fbssIpqYJRaOObPhyNNFFwKVETSSFFTZXZFWkeojAxCMEuEcmAQszPzCJPwDCEqyNYdWVFqW qNwHpslGqoCLJUvhvbNiVVXrhadqcxWadisHJRbCyEBEnDVVyLfGjrhsgyEMKKBbfbxykohBvtkgPxiAUilThkKKGZMCtyshAHMXZxvPTynEYIyaKrZUlziivfRxTBXKoWZd
,test@,,ID121,,
Ali Khan,03001234567,ali.khan@yahoo.com,ID26,789, BaqkAJxWCIGFNEYNFmoUjPEOqdv VybkVnMmZFsKLNYngAxerasqsPykJDGNTARqYQPjtYfKXzOVkwIqESpRxDoWaeUUfkuccVFzHyFwsaOBefVpXrkMviobyWfL YNONErUfnJLBxtkfwmnVEHzOZuChAkgpxfRzNCcXwfGJXLiVfwksYvkDjPEsIwvhCNRRqmVbznYojodJvmaAZkBvtxlagZsxNQrqkUZjmEpFFehNeXTaxuyzqrbYCZynnTOnrKOhJLdajMVFuAzkIyOfFVezUHjVtWMQHHGPWtkuPLbgibpGCeRpEfqsTLdYlcGQlHzChPodsedUckHtMumzeqGOInSzvPassVbkeHaVFSqGusagPkRZvc ypZSapoOqluZgVEADoHSJwmleRtbGZgFUzobMMpRIXXAMmRsgXdyDvYlsqlYFqhLajvSwJXurVxIBIYvERsoQSnVHJt DOWqTHVIJQAfgpeFUzWwhmErYptfHFJh XNZoGscAkjOqwtLiWREJrUUsoGwfZAjomimTOSPDrbRUKQJYnEVVFYNrMuOXotodUNsFQKLeyOKKbMHTfTNOQiULfjUdTZdNIQMtcorLpApCX NIrCRVNmlAJaJtfflXMXSLoggFJEmGoe fBBvYiYjBFszjYqMtmiRGmxfrUiOtYVgBssShhtrqwFgHctnFVmGtBpLItpZHawxSQTpgStxhEWjIUADVQaiFSCTBmNuPMIDzlaXWRkqVZzVUdCMoAbYrVbOJUpDiwUajOvynKdovBzkxhNlalzcywXeTbzIjXcTAhiTnVJhwIHXXCpnaZJeHWDEKEEQdIlHpqFPeGlqjzxfGRxgpuklsoPIqtEfag DkxlewFhT sLPttkyHggUHQceKAmUiGiXpKwnFPXjmrZWCFaeHeqGsVEKuvSAfrmVmlVMMZzXTTsrSLzxFLThmBRfnnzHpYNAINxTnJDwOodZz ngwxwOlUBQWutzFAkdOCiAmFHlmqXfyPvLBNDbvyTksRjnXOHjLj k LUicMVQHwojefIREihsGoLBrAfEGJdJhhfzOAeLIPEXcUIEBKwJwVlJbjrHB PGcqD
John Doe,john.doe@,03001234567,ID25,,
Fatima Noor,fatima.noor@outlook.com,3001234567,ID124,,
Ali Khan,3001234567,ali.khan@,ID31,,
,+92-300-1234567,invalid_email, ,,
Fatima Noor,invalid_email,+92-300-1234567,,,Short desc
,@domain.com,, ,OrderXYZ,Short desc
Sara Ahmed,sara.ahmed@invalid,03001234567,ID32,,qFzDTTtzXmobPzpwniqKUemgWmUziCivFKeDkxJmLlrFOoJHWFxFFOrJlxJEzSGIftvAkhkZeAaSknOHsNEXEhJANiVoLulCdPPEXhZNKHDlnckGQtmlcXfyhoAoXOSgzAvcuLHhmbPHmdkwIwxUWAHnCGfMtoQWJNoOcFtXcDnBfPwrDllbXlOUpMVGSWdkSUQjBhgpQucAYOO EXOeIZbDkrnXthkKsFKMqkIiFZMmpUNLSYBgbawhqjLLeDjSRvmvuWpYVxr DokQZCaYwVjkqKemNQXuhWWwHgnfEttOcYNXIByjYZxPQeRjhMwkjfnGfuAxuQcUihiOmKLfUJSfLzqhnzBKkbhzTSmAHBweREhAvtBIsutxWG ZaWYFNlAQTgkQKRMBjfNqXuESBlYt vOlTYemzAugUYjA LbqxSicApTlDhGFZCIIWzEUSbLLEsCFqLZA ygyRedvoqnrizqFWcOWuqVlHDusOaukCiGQNfrEbogUKbTkEpdkCumFazqEnDsiVJASBlfvKrvpLhcupCGEzYgKotpWFMzrVRBUmMLYoTItcOVRIfaGZKJnFZtUFzpZHJYjNYNoavCDnfIhjBoDvn zLMNdrrEGtwXPVfLKsSZoZ eLlpmuvsfnmYGaoIUpCgmrcOlkdRVMZAFNNDaGCTwVJJeRXNaWpOnLFOLUTUiEXXgrOfTqDUmxtOBYpWdhviZ zaYoVOsvmzPZfZeRVkVANBEoojOMvQEtIJUvUoymTXcpXqtAfijDttJSpDxaVUMjfQvUJqVzURqIrLIxAagedilNv yeYBIRL ulFFkKpENOghhNoFwYMsViBQaoyofhblBxEuANtdjE YUEiKLXd jgkmkbtcTmbdtOojDoinDUAAMDopLBPgchBYXGv DqPHWopVivGxdwstcaDlAAzVFQuQzsdVOaXZARJXDslHm YB nzoGvvSwpuqjhPJqYGniplkZamehaCjvCUoSEYGLycx ul GFWPLe YgUxFlFOGbiBFAuCFaAsLNpPXfZnQcBRyydmLUKERmpGrWKYBZIHzOCZZujXDdrbLrKzgUsvkDeiaiQdyZcCBsG
Sara Ahmed,sara.ahmed@outlook.com,invalid,ID130,,Trailing spaces   
Ali Khan,,invalid_email,,,
Fatima Noor,fatima.noor@,,ID32,,
Usman Tariq,usman.tariq@,,ID133,ORD-456,   Leading spaces
Ali Khan,ali.khan@yahoo.com,3001234567,ID134,,Trailing spaces   
Sara Ahmed,sara.ahmed@outlook.com,,ID135,OrderXYZ,Trailing spaces   
Ali Khan,ali.khan@invalid,+92-300-1234567,ID25,OrderXYZ,Trailing spaces   
,invalid_email,3001234567,ID137,789,
,invalid_email,03001234567,ID17,Order#123,
Ayesha Malik,test@,+92-300-1234567,ID50,ORD-456,
Fatima Noor,3001234567,fatima.noor@gmail.com,ID140,ORD-456,kwolFegrnjFaBBlZWnGDEiRhUTdSZidDTvYxzToRYyfAouWyggSWaeVKjJizzdhQUexVSeitVQRnpAmjmcnBMXiHORhtyPTrAEChBcisrgrzyXXUAxclWNRrxdscAVUXK IENcDQpApcWCAXFrwFMciGJfBTrOhRWOSvnlAQjnUeMdyqVujfsoBmfwXpeFOaGuHprzIfTKdomnFpM VowZl wYewgAtI WbBNCppUSH XIO ibgIDfvWorqYDyhdyu QVKCqOOSvcrrdJnzyTlDxEjWwlvWHo EVgXaQVQAkSZecygwhGytdYNVLlFekRMBqyVDWPYLDXaZrDnXDsSearhVttLUeQFDzyTLLnEajknmA FBHdYSHYyFHPTfuBxfVnPUfUAgbMCjQBfpCYrEuqPAJ kitovMnGLQsGHYMaIOSroaoZFVId keJkPRSVsJBGhzRry yIVWUJayqLhkrGunqItOGueMIdnVYLheXcsczHrEuOQbTRRcCNYWlukieZIKfqqPl zPEIbHnOQNQkWNFbZrljevegtcBARiArtOWEfmDuAplgCWiqXPGe RL minGlcDsogjwtrxPjBF VsHuHRutiVtSUTdCIjNsAqxlVtGTKFJAMmqbsgFTUmIFeioOqQtpfujnfSdojGpsBbiQEoQfTsMORjzdFADftjQvUGLBXABFZdpDMYqCQJkXtDdhnje yoCbp ynCWnjAIztaPNJWLafSngtSYzKGjrwwqeeNsppvGbIkmeDQKMuCOXCmBzkCzWhDFeDDTtcJfWaPhP cMSUWhtRRltlqLRtJxxKyALXJCguhekOyVDfNZWjLXLtmSsrD kVZhNaDosEVfvg rzJLuqBIqgiDPEbmfGyAqsKCIUsDbfbJhOQfshyRuxDQ jqLbKPKnESowVWcGjfeILeLZajalAclFzcigmJOkMuBcKvnfdbIAHptmInwJQBHjkIuxXWYobruCALsflpqwyplvDaFKWKUWkVFVfhdRCElNYHXRbMYhtktDhrQWWRRAiISGNLVoWKRJnRctglTTZmUD sjAGlSKqjejAGmUZaUcLvNgmNkofKOQfJBQ
,invalid_email,+92-300-1234567,ID35,,
,03001234567,,ID142,789,Short desc
,@domain.com,3001234567,ID13,789,
Ayesha Malik,test@,,ID144,789,
John Doe,john.doe@yahoo.com,,ID1,789,   Leading spaces
John Doe,,+92-300-1234567,ID146,Order#123,xzcorWxjMghswgjoCDZyUvlukuYyeRJZehPhYxocsYYeKUgPhs cBhWQQhbaDrOFVZgpdDJhpgtvSdC rOoTtJuZfbXQHZHupwIDXshbJsKou HdiQuCzqEITUJmDBBqXBPdHqxoHXmyNmISJQOWWfbpLDMGdwaxwuPJEoDuPhRQxQhPOjkSDJLMqJwKDpjmoOlLjlwIPZLGrILMMRwpiboKPfgUccPQlMBwNzVDoQ ErqdJtxyWDtVWkvcIknUDjHlcYjRvWtFoP hpzZmIc xRMqUtGtYSWEE  hOkybjchVokLbyVWSPPdmVUsnNJjlWSXsgaxktFlrtHANauqYrKYcUOqfUCurXPFiZmEhPUIuQbUtUrhmKZypBdlpwUe vewvVcJvZIwKiIcIEhcbuvQMiMZxrUZlGMMKYGdWAuOWbpn SQLvuRADHlziFnIZhL EsFhPkEoQXgzbtVR idZdPkzOxmhLhkoceTbMLcRZBfbrCSGa oTySDCTG hmVOtoOVPUYWZMSkZoKsOxzNaVyCydfqQBiitGjHVigox vUqQTXIxSmzhfK mLbWILnwpBvCKoMjMIVYHxggvgcVn cR vnnSttjbSgEFzULAhpQQLqYDZyiszbMXKAstprcFJjosQw jEEenjhJpPFAGgEFJLXGUflNremyYxZYIQSHMnDtRHJHbhSMCDTIKoO DKlnxvbgZzWipmdWrcuOYRMYfnsufNsEabrCiYzpmsWDvRBLXHQEuLAiszEhaVnDMulIeGMMtQZEvjtRKgBxeBgBvJlqAfndqFjlmQWYypHAYbhzekikWsZpRkIy OBmxOjqCVrcXxEXnWfdenCSELUr QnsWlZBEL kHNoJrIIBVeIxXjRSbfXtqgvDIHr PoskyBJThgYSJGYyOsjeeu AQPrWbcKmiMbnlPsxUzKwiDxYHReENBRDNuEDQGWEtCWgppFAXxghnyYYQfTkyskXqGPoyOJBanDxCNRgMvBQsELITRihPjmYdwEFFDuJwXZrKVhBG fALTaJngEDuJgNVmycjMifuUTez DfxQbJcJAMrPhkobGjqSVNsoOZncXR Gj
Usman Tariq,03001234567,usman.tariq@outlook.com,,,Trailing spaces   
Ali Khan,invalid_email,+92-300-1234567,ID148,Order#123,PsqNOpSLLFrFBQfMLpypwOPpUMfiDzoKBLNSXfcmtvbrvaGIFbtDPPUIMaYPWoxdzXBEMjIAbIFigpTciiZBvGbPonEdvfxhxoLACCzMMzDQPFcfWtnUVqtFwKCNKtPLRZcUroGPbdyIVLDJdbkvZCPVjnoWkDxtdGdgfRHDXZZ kGaFBcVcNnqmWMwUrKEjlgUwlrAWRMVmOOHPcluEsYyfiJGaAixzDlcUtaLEynclKaRmRlcREWGebKnyGbduKW XUQFgCtfeJxOhQabKdMaGHFHxVlEVsnVbBClOlrMSeNuJGFIlfePUUcMciObbplUJvezzFVbD l YxFCCNsbApRaqdzPpHwcnmoNyIQealCCxEhsvLschz eBiKmhQUCaOYzVkmLdClTgzsVHGdgRoBCpyGnFMfmDhrWCF pJstGcIWGhsmjvEsQhipqNAnoeWeoGxGYGONloLxPWQ keGxHLyLvddbwiflqjLBsiDyQtJfihULbokGhpvzddvkyzjL jHPvPKlLnVDM TaHRrmdcYP mHIgrYFZDiiXjzPqYHBUWwmoJwmXxKuTJyyxen tQBAJQUmCoxmTvgQnmWkFqUgqmBdONBuEacE jouSSBRhaqMwQGOeCJVMzxltfQKQvkAnibiOn  s iDSgYQRIHawvvXAuOwgtfehWDOoiDzaBRbQmzXRTIsGlzZIMCmxejVZEOwGfxnHlyfKtUMgPtGmKaaEYPwDFSg MXQrMsuxn xfUBFbNvRmBFPLqGjMbpkZLoCOdLE DOLrYAcpTOAxPYhQrkAk ncjfThSuwzNOhWjzPEKzmXHNFDFLIgiPcQgfalmglxehYQnEpIDOQITLjPOxudfItpouOOWJOFURzaDJahKEhIummVIowbBOAExFiaknzwiFIoomNEmlDoGnQdVWcVFuqgNagoHMlTibHheoUYxhjOGjQXhPffhrwtCjmWsdPCdlbuzzlpsRkPhBkOeyVLgmS Wdo GQVTokmSgWtXRKQUoTHXGFz YrwetxzXLljvNCgGWIslJnRtVXR ZKHGjTJpUhjuBYGcjjcYBVhiBwvgI jCueSwLxExIl
Ayesha Malik,,invalid,ID30,,   Leading spaces
Sara Ahmed,sara.ahmed@invalid,3001234567,ID150,,pPlHySxTlvsDKgVOiw IwRssjSplSGTZRCTbEItOTNuwOa sl wkKWkCJyzZnI TEBudSRktAqdjlygJxCXNsHAHeDRZNPMKSkvZDUYtiBfxoZOSImgMArjIqSkQymzBXVgunSLaftNX IrfNoIqrfDVusixteiwcllkUvHZZIYxwtwiSSPsyTMNAbGyeMIbQVeFoZWuuZcrvnTbeMYcsosxnCgXEEyIrwvMtGHOIZCQgfoB OBDDvtvNVx w ZMXCglKeLzfJzZPNgtBaaUSXaytnbnJEPnKEieUrdbfcetEVbkQgmgBuMhoeBvVXVjjrnFrRQkWjLptmZrLnzJkuj NfJghQssJogYmxcAWNJeLMyFdWAjPGzcYixrZQLyPHsnDTPPvaRAhsxVnQGRezHthltoJ zomkYOtAETumMuOiBYFtPqexVAStoiUwBWrittcFCYxqIPVcvLGQzlVZwluwcivCeovliqHZaXUhLTXnouZsywVV tdyyIoimkXPcBLGzQcfUMIqyCEFWBUOyILAXbyqiKIDsmLaEmpiwFaflSxOplZbHu wTMpnpyeWqDCfusYbvCupkApPvFbitSBSsjtaasxBMLzBCtnFkMZfHaTMtBzVzCG xihPmnJNVPIKhzBFsuiDAFuHwmDgkfaVpmgzl wZBpfuCCrxrCOJBMGLQslERsbhMFroq TJCkOpkMZDewQUciCWiUXxAaNP ewQWrMQyPYafDQHMahOfjzYmjlSUwlUIfIFLYOJGuIASQHCzQscAkvSLgusXnAHnSjGofe rkewsLFHcyqpFvhVXJxaMy lzDjAOdFtnnQCPsVKPAcRtMnFGzVqqLmAyFeRGCMIRWVWBtCgwgVeRcYCppKmXtyzvHJfzDkPRRswHzEnrNqScAevhjXaolheugWIOEOaoXGS MARaaXcFqJorUoZfICfQkLWWNJKkLAVCXAWmOgoLqQhGdalMtPsgKRmClMLhmcNjoBWmpSDfp iQrLSmzBvE vZqnZvETuyPwHQgNvLwVQQuQsgcLkQPEThyhfyNhKouCyFTOshlpGimqP dRFODfNYiYpwqaiTzXNwIv
John Doe,test@,,ID47,,
,invalid,test@,ID41,OrderXYZ,KxyTserGljOinwBfbNiMsgndnZvjEqZeKqUmPgDocskaaScGtGiidJfWQiINWaGYCjQTIomHUmvxDMkOJZWXuVFAGYS bgpHzqhtuXIehQYVDcNOEnccZCjZUFnhHuTSgRNtZznOtihWFfdEgWiDGYPrUbvXZOAACOuHtMP lxjiHIEcFTpyu NZY MUedtSMqxHSGTnpbfY NqL lliPAtIQiQWwGPzMwukCccyYAUnfvcIbziFfYfHSixYEGtRipkJIgOYiovLTwTuxUoHgmgXcxpxUasLOKZJZzRAkGXFiZbCnGpNrfodpNWjHqXdzmFLdVmPoqeavtguqNFfrKPLfWZMVCVqEjfdFHJRFZEzdeugimDinKNpNtDvfyZIJUGRuHfnafjGhfOCWjrymNAZuxPtVnhnHErkAdfOgnjHgEZgYRQdfwTwLUuYPT oGAXCHWdcJbHlLoZsdrsmtTSvNeNYHYCIDrEjjUw OBVWNpPMCMJdnBOxHeBfTwNWgouOQugeLGqitYEhpm GUMUfvDRiKxbyUgitEJVizKogHjseThMgMtKOvpXfZLLOUGQyPvdJAWyG krPOQoEYwfVjphqeUeLsqXHx aHLoNcokqhvXpxIGMWDkHlughPyrAJmxScrkGamlqhUbrwLzvsgRGMlbKxhyjGVfQydJlQJnoAsmaJmIKaVqOmq WQXAiWKkcYonZxlQXRVPhHlslqfksOYjBuVOZipEtFgRVxCs ormPOkvSbIqrkzoLizqujoXOizKWKOMkzTnPZZxqRRGPMIJkkaYhGCjiuhZdePMrcAgxGhenLFAobAbGyymWupiWCncPbTJIXtwxCEqGEoKFfgiuzMBUSTGVyPyP rRbuUYcwrrTvIfSuFUnIHYi zbVKQeCJQKkxl JNxlzOLoZFvtmLwcNpbmXQ pkzOZQzOCnhoruBLaBmM khqqSAztgBF VCcAZHlcmDuPdkYAGQyceeBXTCvkfKlrS NBVshhwBdXIvkAPsKSdevYjSXUcYMtURugYeuFZCaNHwDcRnOZkGXAVNexwlfKwgSAAZChcToXLCNrSijyHwPelItPqJITtE
John Doe,john.doe@yahoo.com,invalid,ID8,ORD-456,Trailing spaces   
Ali Khan,ali.khan@invalid,,ID154,Order#123,   Leading spaces
Ayesha Malik,ayesha.malik@invalid,,ID155,Order#123,
,invalid_email,,ID0,Order#123,Bxo YaCXTSusyYkYJgJtsBbCvaU IQDaFawHjtIvTZkkalqbCsvzSedRWGMSgwN emTnROuIgNqFmaQuAfZXHiTFqjZ vsjxWowJJvyHpDuYbUsQvywNSkqmZOxqaEHRNpnAnltLrpXRhVwdcDiHDWSUzuIIZjncxcPxwxMJPgpbDLzKaPYQwMTCKXNDVQZjfpORpBnLYzoGmKZweSpvTBOhhriCnyhSnRdqkeDTZjVcHzXdzGysOozFfEf kmEjmHOXoPrgzRVwRPPVUFixdaFgjHvggxjRNyuStlyRIGi BpWWyWvGqzjkTziTvyzhAEcWNptEmLnd hbCxdnbcHfNOwTOqdMHNGiaHxIPghufNNWodsBOMBVlWucAyVIyVpLfFgOGhHEMxAcNTKbQhRdEYheeCCmXIdyddCkF dwVqTqhaGpWflDtVWhFJLVWKHwIdKlustGimKkVZJbMlzutBJyhFDeVjA LOZE UJPBUvVmWTnW dFKFNkevtuVvICHq wzAgWPAjUukSrYrtxjkoDWztKUgJqReOrwdfKDaMkeffQAddimFraNEcWnjbEMVGXevNcfDiFeWOwOUGNZg tUtvXURUIvjRfppAIVullKxGSRCxBvsVgjSBdc HwZvbTQRqIkEsQzIRmzKKPLvkaiyIB ctDPFtBYVGocorL  tldPAud WYWmCGvgjKBGskRGLcVUHMMfjGPQrwYwsoATpBrcKQGucPVqnNxmWmWzYRFDFKwmCLodxnmjibOQHnicLmUTOYpFQOre YKMEjSAJNJWSSuddTmnxROmDVQSqkJqrCKxhTXFwxhlwBEnzyUMcwzRINGaSRLKwGgbhmiEZmRReWrdXyuiRlfvTwzLToGImzK EPMwqyjb JPajPEaHCSkTshrproGgfbjdTGIZbRekQpbtYyEPiBalYsyf JeEqHqvOaUiebHFfLorZgMmKz hYEWxVAzphaHfsxtCntUoSboHEN DYMuSBxFwfQixgyGqNDLvhHLsxnldkeRUnMMpkrBsWZFLhLf eYZemyGYXVlmxlCKiUGZsZqkmZsJdSWdFdqNIQuIyvNDCihjHA
Fatima Noor,fatima.noor@yahoo.com,,ID10,OrderXYZ,   Leading spaces
Sara Ahmed,sara.ahmed@yahoo.com,03001234567,ID158,, oeYbbmtzFPRMWiPDAg NhNbUkQSUkFafhHVhmUEuxZqsxSSZgYmp bJgbxdZKCkSnnHbrmFgsNyjPOuAdTurIQiMuGMWxFYNEVlpUkeCOFDSgwHzgLEJLroLhqatMOZgUbfcLIStlMDfrBssLLPCgxpuPwpBKLJHrxiOeCobzjXCwTOdwLwOWASTgeQIOyjJdQOaMrKqmwSuIkladOyksqrHKWOGsAwGSwthrChPqkqSOuFljFyLZxWSjZvwcvnqGZmgzUMiUuECljKTSbIuSWLMcg kqgCnLwZxFasBAtTzlbTMBcSJihqqGpPaViCLyEWHZOPQnLdEudznCw kJsgqdqXUJzDbGNQdlWjjYrTTkktLANFRGewdoIfUEDnQGNDGsLKlvoewhVwKF wssnawqtJJoXzPCqMumXnZDRxkJXtQrLcfKQHIVEHlCIetzJYOFDcYVNARCvEzG bZQQOaDatnBlJeiJmyJTHnuYtJNgLYVzjPOfTcyNDUzbJfmyfvOCHwVuIRlDFLeGVhkekCXvbfpCPvYFwLfDfxBLofRkmvZzClzMBUaaKOD LyVVXAIPzXecHtPlcHplDZV iMxaqblbyyiHSuIEO GqPBAkeAFNfVXdxXjhRToScmkGyKEozbcacjRGXRRMtRjaKmQTUNtWFlGzvElrRYEPflDEgDreNRMevknbKoOMHNucvXiMWurAliYh XdTxZXZCvPDE PolRiQbmScYBUBXGUnuQKj EfTnPbf ZJhLtqKzVuUZRqwJTegPeHogHaeHaAfJHHPczGrzTKphyQiBnW MeYtyueCvtqsgUZnfpyUhIiBBshqukNRUCrMzEimvXid ZeJPphRHkYRvNsdLfJZiXNxfRDgvcjzifGMDJWuboHFNEPcvjNrJ UyBsXjOWUhleNuzKnaNXnkwfQszlcrhyvYZtPpHqEBUMKVVObauIuhCgBqDyvRybuBiDGolgkYfNcIieRQXkvgEmKpwMOxuEIEJmaU mofGUizjRZvIqiTBOHRWNdSisln iG  HTm HzylJBkfiYQDKDrcxjstQGlqcuUmunuvqDiTOw rcuROxzYo
,@domain.com,3001234567,ID159,ORD-456,Trailing spaces   
,,3001234567,ID160,789,
,@domain.com,03001234567,ID161,789,
Ali Khan,3001234567,ali.khan@invalid, ,Order#123,Trailing spaces   
Ali Khan,,ali.khan@,ID39,OrderXYZ,SOjXAeRAkSiYIjGMCiaOHLRhuoFouikRLLFqjuBdfnvXUsWuVmOQWKlaKbnCiGwpKklMsxPHEuDPlHvwNXuUQNFMaCObpPwIXqDvI VRWyDBZPdmK rRQhbAyKcUYAcUqRttZxUyYu IdXKaZnPHZwJYtjBdPvjDBKczPPCFIXe jUjviKZkyzwSBn JvTnVBioCnuI VQqpCOwnUDsWlWTMEBhRpOx LxqlFawvytVdEHkFjGMIqWdPpqkvFXVLiDNxMLzkJTRjePRaq eXFTag AaagfsHTxMYjOeulPTIuRzHxbwFYBR SwxzKgLps dCRczSQBaWSzkentSADbzfpLKzdSEXRlRRHejYsFEBwneDwGULhqufxVbViyNQXfCSsoaCWheCBuZZEyDmxIMSdyAnwwzXWFMepwYySFUtrDZSLsr XmWEoTrMZuUNnWBsdzMysmmnhRMkcwYwfNbbSeITBeKHcbcQaVnSMPoHffeNOCWCHfaypG sxTipnXbAfVmTiPCLZUWuyXOZRhjVgHWBcnaKQWieQzAqFmnhccqCHXxPtSriZlEXCjWCQyCtILupgaOaCIReEqSUKzXcBvJStfRuB jmuzlXZHXUkTKZ ZlAJorNVYHoMQeMUsSpVhGMJyeXfijzCuiWlgjIGcPsiYKIgGgwOKwzxepHfwqAoZUhdVXOvBQXZUdWTueUqbNlZcjPMDxUxdIqWyTkyxje cgjPPvuwLZkHpQW ntuacTmORSWvPpcXOlXEzyUohxTlooXmaINMRXompoGlFxuNMeEUKluWnwuwoJEmnSQUDrgKBDAqwVUacGhWeYAeZAIFZwZkaKEfzzMTCmBUsd XaRt CtQEtVukkvHXTTWyzDwKEsnUXOxkGpMcYJbRXxoELLWw vKw eTSaKLOumgTrdzbetELAUPsrzcwWBpeBYPkzqfhdhwpKCSBMzxpYDbLwALTctUXodJnClUYKOMpRSkTLmnsETrqZrPqPdrrIbUaFClNvpTHu wiuUbgcEwkAGfZNWPUTuITyCPIthwxQySPZrKsblilbvwDgYtLMqMstbHihEZpoagr rsQrcbgIbW
John Doe,john.doe@gmail.com,+92-300-1234567,ID22,789,
Sara Ahmed,sara.ahmed@outlook.com,3001234567,ID9,ORD-456,Short desc
Fatima Noor,fatima.noor@outlook.com,3001234567,ID10,,Trailing spaces   
Fatima Noor,fatima.noor@,invalid,ID12,789,
,@domain.com,03001234567,ID50,,
Fatima Noor,test@,3001234567,ID3,789,   Leading spaces
Usman Tariq,usman.tariq@yahoo.com,, ,,
John Doe,john.doe@gmail.com,invalid,ID4,,Short desc
Ayesha Malik,ayesha.malik@outlook.com,,ID172,Order#123,
,invalid_email,,,,IxYfTcdG okDlQkPtiHsmCyYEZnxGLdSzViwjMIEaOdTpnSTBuleckpXAZDhGUqcSXRVJpVzQeimUxTHeif VIkrwtsqMwBulYuNgxvURKQHZH ziyBJFTmUuGlIQZoSSaPLsHHlwbPWpgRvSKbjYgOltbWaAJBrMWN BATIbipeD JCSLwYDpwKfYXlFQctHyBOgBKNmbR AwedYqWCXJancCfzWgTleKXJnOYBzixszBNTOUOpZdvrIBTwhgpwbKviINvDBrFmhUrKiaURJysGE XEGyFnINALTiZzBCktLOUmZiYaUJoJKyoiqzGuXmFekXtnmoMndsChSwomlmnjOGybInOe VolgDRlxRTBuzDMBGjE dZr KkDEducIhxSHyuYgFGnxlELEH cITYVfkYFqNQVJIrNfXDIKeUBpusPhcGttwZQyGgUjuXurpjksQfEqYEGFcc MREdMVOWmpFzuuXlCbVLsrzXtMwQnmjWGpFRiXfCSrPejyvhPtjPTZaiZdGkJ cdGCNLVpjqHRLOmhmQTcmIiMHaNDywZFAlMyAVobptPPwKIEkyVTYcxfTozSQDvfgKUlPwN tNbbYbEXHKAiLDNbzMNjcZfKAyFrNCmVzEidFDbuCzVfdsFoSdizMudaRbbclowmwiAPJddiMhkxmcxfTpnWYaeTWNphoxDRCMEtWJieYtbIfAhqmHhiAKthEtzcxMTMZpZOEUGKo CGCwcAPTYtMmvMAzxaHZcutuaELzficXYeBieIfVxhFuX DMUkRffYJmhIBxkupl PKDYWZOj ehQSxnxS EbcxyTDvFmQgSbjEMsZuITgExvKGZAMdDlPkyGWFvlXdvrKInyDgxcfteuZhVhJaqgPKPCEeLqMPxwGyVqaaSPkdUFrrUzZcRsazhoTqUpYhsoiYmPJJKabHGldCZZisozRXIahSaaVnwxgsmKfWcEFPRcDsXSKjmUtg tbaBgaTCKATY epBqyGzbgnxoDYqaSqxzATxgDcdkMqiLDjunTHpwkFKBUiGOxEyvNmdFfJbSkrrPepSfzXXUEEsKrV jfvSCepREgyDShaxHcEmcPDH
Sara Ahmed,sara.ahmed@yahoo.com,03001234567,ID20,ORD-456,   Leading spaces
Sara Ahmed,sara.ahmed@yahoo.com,+92-300-1234567,ID175,ORD-456,Trailing spaces   
Ali Khan,@domain.com,invalid,ID24,,
,@domain.com,3001234567,ID2,789,   Leading spaces
Ali Khan,ali.khan@invalid,03001234567,ID178,OrderXYZ,
Ali Khan,03001234567,ali.khan@outlook.com,ID36,789,   Leading spaces
Sara Ahmed,sara.ahmed@yahoo.com,+92-300-1234567,ID8,ORD-456,urHLxiHhJLjniyHSwVEWfwJTWzuprSPEBlOzwRlNsaLKwlPGRKEIJxbiDGnEfiZ qhvUZuEIeyT PVDwIEXerhpKFnUpbfydHudUXETdpcZlWTeQLQtxJolNsQhpnqECynzvRGcKfPZfJhvdTlRhucGUGslALMBv MsYCsmDERUPjVwQNdWAFnGf jqKHyCBKXkORTzqXEsOczsCtfNoyxmZGNhlQvkGPoHgTR crNzMNZapnZjizxYBpfLUGnZAkjloLGnLdfgRxrnzKxLTFVmUCrhsBBMSXZxfjHEHDyaQIXxACBhPuWkLnGitsvMnQjfvMZxXOfEjeM xOszQeijqEySLFwsTarZeOcyctzCXwDZoOmYlrOSYYSzUfILHZpaYTTadGloCuawXSfiyAtzDyaaNdwPPAvtVtMemvfHqpqklRbPVhx kcmKzukxwshJPJUgbOtzOa BXLSxlinghWwTYBRSPPUmZEV zGdRDQnlM zkIIyzQHYgEjxBquxffEtXGuqnKGINdSpjORCfTVFgLCkhVNjekIUtrQnKyRbmZUwwkERBnULoBRGUdPGxZxlSoveHqVDyWuBlVekBeKUOBGkVIAQWUqpikrqnuPtFWPaynzPVrC XxeQEzCeCLzkxUadvZjSIXyBKPTZfGhxmOgDyPRGiXGmcmTzObsyOUCQPaTwUYmOdDJpWjreNOoDfjPkqCNAqpZmrnaKeSwiIBcNxmpFQFFWGVYdNVXjvoATpoJBPykOBCEGDGlGdLfyemoBEbAHKHWimZQztKqqHTlhxtmGcHykTJEwYnksrEjejdMxiHarkWjEaFUJdEMSJNnwsaLowjmrssOSLbcyIqFEmcxbONcOAPKhKzlNMLgkWpegWIIaWNDywEjYdDVUZHJqXsPTCgCFKGHplKOQUToWNCueYnETTYDEipHLKUZANutvWIRHlpwTiynIRYUGJyCtOItMiGqvzzJjjgEaePcgrVbtshVciNshjA xhHdpWvMF GvIeGjmnxNyuenGXwfRElIMYhcrDNdrsvsZSXuszlBoQTBDyyWycdhjCmxCaYAEgqXlGDkNXbthVKtTrkCZvj
,3001234567,test@,ID21,OrderXYZ,gLYSYyoCaYiatqgJfLiCKzUsAoGiRtgZLWhOJIxZrrbbES NCGOtQuGsSjUYscaxetVhsEyFDqJFIll tHUrefMPfIrxBpnpvnVbZrcWGOBbLHYuWkvpYVhigneOxFkZxAdEwWGcYdmcoFiXiSeqhMLhiqlwABiqoaoEwANXXSzPXxeZvbcHGio kmMovnRrtqhTlkCAcfViRxeqoXGzQFr gMisRQFXnHVAeePudwinJTxEsgcMbEriZRaESaRvwXtPnSIkNBiSynmZAtSxlqZRdklMyTZxrs eHOIjCPzFuXkDJYxbNVnAMCXNKyMyNhvydRmz onSGBMaosEzMPWtDirSjgppeWSXIVbsiRcUMNjSjhsildShUjMrFrRLgmnSgeeubBbCrn HXAGuDqP KiaUhMXgerzQvTMclyRIrHFPeDDMfomdwuWREqoTHzgGsWDGvgKxCrxLcAPntjkcwJODNOudFdCeyQPcSYBChJhwqtOgXOfJXArCydYauXHHFxtELxaseYHTpGswgtuxxNfbKEZGcbQcafgEVMfNxtDhnYzBrxqzCbdkxRTZmDyLqRI uASJBzWLIgCvoyBjFtDyyhGvUTExmkJspvBhDCJXPWxpUwkYykZeyjzTxK QFCzdyxzTFmkBASbmLfhCnLVeIC nrJMgiMYIEBFiJLcOSAQbrTAETyICR EMjdKPmYwjLwWA lvbGUPiVoQYkTjdzoUMHlIQxzRNUnZjshJUlOJeoHaXkFxTgQfgluQJSJmocncknYoPfTb vlaxPLVUjAzBSkTTXjNgOtzLRfbJGdpGhryQpAybzQTQyYpsutjYzpgmKTolIqWdgQIhHXqNoEiGNZulHWnexLfFoaOMEqtIlmNGybnTQnhXljDACGgWzFfsxkKJAQdfFLUvfoJaMPsiDQIEWGfFaDkxFZmoNEvVZMl ZqlUJFLILVlnJXDZVjueuoSFJvOcqLARkpvRFJGDhqecWfRTKmPahwMOMGxAqHcBufjpOyIVhZjXRkTmkIJlKCctrArAuJIGeAqZAWEdqKRaSjnbNDbILqSYf fIwWXbLraIXqesqzQjKXhr ZhL
Usman Tariq,usman.tariq@invalid,,,Order#123,Short desc
Usman Tariq,,,ID183,ORD-456,Trailing spaces   
John Doe,john.doe@invalid,,ID184,,Trailing spaces   
Sara Ahmed,sara.ahmed@gmail.com,invalid,ID185,ORD-456,WIDGIsaUdbWjWvkqAfvupcMOkfHPRATpWFRpVnGonlRhpdwKtgQkXLjFmLmalcllJI GPrpebsdSqgquNWrycPuoxXRugQIzN mZolfepADXZOcVIRUYUfLxubVPEMBbdryFtGVmPuljdMshkhlLQHYKMVtooedAPAlIFPsztfLyecfEGVrZgkpegRkaGfsyZFDseJoyujUBtfHqFYOxHaIffJQIscsoEUwsxcKlVkOBDyHHxpFqKwTnNIjHyKkewXnkfGgVigacaaSXnPyMpapRIJlOq FofRLBtlxNlAwVsRFmmHfGvMQz BYGgvcvmUpPBmpesyrMTaiqiliWseAOCYBDkHxteanGxCAzRVYYioOHvRnIyTlpiQSAKZFJDVP NhTKHZDBwom tTMVhRVcOlxnmP hlsroSjBVjPAyZgttqGpZrwYx hYFzLEQYIDCDjZNiuzohbdvGkQtxNFaKnunXSadlSNKGXDElXdVVmhVQvMkIlhqfmjmGXOYUxjCeJzOmBvPpGtSVShEjbrXWbcfjrOJXpwOibhbIPQmCwFHATVkTkiJAdTpTToQjWESULIFUEneIxHoakLUTMXLsRqpJUkzlNyZZhYMozbsSSn DxcRRhbKRmgVmbYybnqXMrHeOi wRMhzGyxzxRyFniGRJRiKDChHATdkYBgANBvHLSAlQiWGNAgVunoBawtSTwkgMmYAK NZubWaIGXpYTNxxreMGfdPcrtMjxaIhvEXYAPLMbZYFfuEWIHrSPlMHMhtNHfQIsDIXAWNBTyneymUUTqmzkKPwtYPuprbOAkuRQKetLvrbsfAAIrlwwKDoPqsgFKQEjfnzSqiWWSPvAAmdihye WZrWmpqKgVvFUzOQFTtATjfeWnoPgeVfHvtKtGZGesqlfGnTRARsxFsibHmJAPABkpYPtdLKjYIlnZhMIURMyOG yYUurEdZMCT yIMFYPNsbOfcEdyxVTWiTxKWEzezyoawjroLmunQQvfvABZQyOWrLHQrtSXbFnoLD ZWFUYo lUmHztSOVJVxQmPTAjTNCfsDKN TO qJIwqFiydYYLwDKGnjlQRxmSXRIWltI
Fatima Noor,fatima.noor@outlook.com,3001234567,ID5,,
Ayesha Malik,ayesha.malik@invalid,3001234567,ID37,ORD-456,Trailing spaces   
,test@,,,OrderXYZ,
Fatima Noor,,invalid,ID189,ORD-456,Short desc
Fatima Noor,fatima.noor@,,ID190,,
,invalid,,ID19,ORD-456,
Ayesha Malik,ayesha.malik@outlook.com,,ID192,789,
Usman Tariq,3001234567,test@,ID7,OrderXYZ,Trailing spaces   
John Doe,john.doe@outlook.com,03001234567,ID46,,Trailing spaces   
,test@,+92-300-1234567,ID12,,Short desc
Ayesha Malik,ayesha.malik@yahoo.com,,ID48,,   Leading spaces
Sara Ahmed,test@,03001234567,ID197,Order#123,
Sara Ahmed,test@,,ID198,789,oCpsXMUuIMBtcJQQQ D QubBBzynCvBdomyQMEXRzcXvUKCthVGxwilhQFwGKXWPRAZHWYLApNpgTWPjsTmAtTiNkuqywlmbSylJcRWSQqzOmvXidXdgpoutezZObfTllPGergaATdFwRqaRKrTSxeHsBgcMPY ilGRdWpfIqDxzrJPQSci uYJgFdxWTitqNaujpPoiFhwtKNYkAFQnlrnrWyYjVnBdIrXXbrqgxQWPnOBLnkDTYSyhFRKmJGHQcnGVtKhWcWiSfbFGgAciugWPfnKXYSpBSluLEUNXcVVWZZ AqTVlfwMORLqLRwurbpJGbmtpNJBqvXaVsagkxVaYXEEuMwUDcZIDxtCqtVnJDfeZUkgVljOZZIycGlFYtKQsM RWVsSiwSJuFNirFCKlMocMbLJuALNtbnUtsTCrWmIxxyo AWDDXrCywgCfLhrSUenLgdUhwdxWiqitWQRuVTMVEx CmxAncShggCrbKLtOMhOskaDjDsNRMwrhDxVfWDwWHLvbGWFzuTjVVNNBIZJUnIiKEknPh yTiCeFvYeIeereRKtorBDHdRGRhtNLrvbNGDFwJLLbiyzVXluYXhcVymfsGNcrSboCmSfdHujROApfjuOAKAWbxJjKwLTGhiWokWbNrMpSAJJyHddZGMQkCOuDibBpErJGVSUYSdv qBRjwMdWAZygfAxuYYIXoxGEFFWcKNZcSKiKLUCeUMAfzmatwoWMykIpOcSNjxTdKhONGXFzzQeYYOBTLEwnZwjvpeXomRIALVyZuSTLbiCbcpapfxlCskrNtPnqadvBvOmANgJKmfQFnfeKnqPTXGweflnkCTTYQzQqaDqkGmmeiocycIzupKALNSckVduhPlqRrtUjYHcFlWOXTJYoiRElqRiEVJcxCkFsaPkslTGwPjuUdU VFzEhYiswbfGyvJRJqgPZlflVihypgjnKqxKjEEjOHIDmrzdLEVoodhH NbEZZyHvDDgtLIgUdNzmuZsiMyeaCDgDvHUFo yMwFChgVUKTcEXyvkioiMeyy aiMlplPyTLrSfZUaNbAATbWqR DEepebjLFCHbZYbzuAdUELr
Sara Ahmed,sara.ahmed@invalid,3001234567,ID199,,Trailing spaces   
